"filesname","year","yrstartdate","yrenddate","cumna.temp","cumnumrows","GDD_total","GDD_totaln","Light_Mean","Light_GDD","GST_Mean","MAT","cumna.light","snowapdate","snowdidate","snow_dur","snow_dur_cont","temppropna","lightpropna","stand","block","canopy","understory","predict.mat","predict.gst","predict.ltgdd","predict.lt","predict.gdd","predict.gddn","predict.snow","predict.snow2"
"NISQ-GC-1ALL.csv","2011","0010-11-01","0011-10-31",0,3570,1131.88333333333,197,388.217865296804,540.349576988156,10.9350842342342,6.62290742009132,0,"0010-11-18","0011-04-07",55,140,0,0,"NISQ","NISQ1","G","C",6.67094019892733,10.9876837400732,436.540323283923,364.479670414428,1156.24196774754,195.987931864493,61.0263157894722,145.65789473684
"NISQ-GC-2ALL.csv","2011","0010-11-01","0011-10-31",0,3569,1146.24626388889,195,1151.50712328767,1592.52903846154,11.0818019884639,6.67043554033486,0,"0010-11-18","0011-04-28",58,161,0,0,"NISQ","NISQ2","G","C",6.64039355474038,10.9362150664376,1027.1143792011,749.763260426269,1160.29088870714,196.112931864493,56.5263157894744,149.657894736843
"NISQ-GC-3ALL.csv","2011","0010-11-01","0011-10-31",0,3570,1152.29396666667,194,548.149842465753,918.004579037801,11.1514689102564,6.72664694063927,0,"0010-11-18","0011-04-07",66,140,0,0,"NISQ","NISQ3","G","C",6.73269823887304,11.146134728693,1626.12132633853,960.966730574028,1187.43916414906,194.987931864493,67.0263157894749,145.657894736843
"NISQ-GC-4ALL.csv","2011","0010-11-01","0011-10-31",0,3570,1152.29396666667,194,548.149842465753,918.004579037801,11.1514689102564,6.72664694063927,0,"0010-11-18","0011-04-07",66,140,0,0,"NISQ","NISQ4","G","C",6.53873476428599,11.0640710135736,1680.16366437075,951.057157982678,1243.0927623257,195.102118051979,67.0263157894747,145.657894736843
"NISQ-GC-5ALL.csv","2011","0010-11-01","0011-10-31",0,3569,1479.79541666667,205,1805.49725266362,2747.06858401084,12.4879302677029,7.69146141552511,0,"0010-11-18","0011-04-06",59,139,0,0,"NISQ","NISQ5","G","C",7.69146141552512,12.4879302677029,2747.06858401085,1805.49725266363,1330.22819493146,201.345370910783,54.5263157894745,137.657894736843
"NISQ-GX-1ALL.csv","2011","0010-11-01","0011-10-31",0,3569,1193.02723611111,198,999.492324961948,1399.71657547699,11.230526807049,6.73886959665145,0,"0010-11-18","0011-04-06",52,139,0,0,"NISQ","NISQ1","G","X",6.75858146949905,11.1927747976758,1399.74942367949,993.290432799073,1186.28852802739,196.774092782061,53.5263157894745,145.157894736843
"NISQ-GX-2ALL.csv","2011","0010-11-01","0011-10-31",0,3569,1189.20734722222,197,1045.80091704718,1516.15423716864,11.2454289039039,6.78424752663622,0,"0010-11-18","0011-04-28",66,161,0,0,"NISQ","NISQ2","G","X",6.78267691768274,11.2111096016523,1659.14195409623,1153.47517640325,1190.33744898699,196.899092782061,62.0263157894739,156.157894736842
"NISQ-GX-3ALL.csv","2011","0010-11-01","0011-10-31",0,3569,1243.27331944444,197,1686.14196347032,2664.91909898477,11.5418625375375,6.92931514459665,0,"0010-11-18","0011-04-07",54,140,0,0,"NISQ","NISQ3","G","X",6.95344892781509,11.5467814303716,2434.99354563577,1464.620773439,1217.48572442891,195.774092782061,57.0263157894741,139.157894736842
"NISQ-GX-4ALL.csv","2011","0010-11-01","0011-10-31",0,3570,1250.60455833333,198,2264.65002054795,3292.11131734007,11.5484794802867,6.89028817351598,0,"0010-11-18","0011-04-07",63,140,0,0,"NISQ","NISQ4","G","X",6.89209979123309,11.6204938295594,3266.08815991156,2166.77665034428,1273.13932260554,195.888278969547,60.0263157894739,145.657894736842
"NISQ-GX-5ALL.csv","2011","0010-11-01","0011-10-31",0,3569,1376.36933333333,204,1131.41030060883,1657.79655501089,11.9862628038194,7.33791278538813,0,"0010-11-18","0011-04-06",55,139,0,0,"NISQ","NISQ5","G","X",7.33791278538814,11.9862628038194,1657.7965550109,1131.41030060884,1360.2747552113,202.131531828351,56.5263157894739,138.157894736842
"NISQ-NC-1ALL.csv","2011","0010-11-01","0011-10-31",13,3570,1216.21557651515,199,642.089534246575,968.219204355109,11.3162457300275,6.88151390826069,0,"0010-11-18","0011-04-06",51,139,0.00364145658263305,0,"NISQ","NISQ1","N","C",6.86222713264269,11.2415256990415,759.412531164503,551.962251653827,1189.13063890766,199.019446954075,55.0263157894739,138.157894736842
"NISQ-NC-2ALL.csv","2011","0010-11-01","0011-10-31",2,3572,1230.54093333333,203,708.273696347032,979.258165024631,11.2821845175439,6.99204582191781,2,"0010-11-18","0011-04-06",43,139,0.000559910414333707,0.000559910414333707,"NISQ","NISQ2","N","C",7.01663524343274,11.3541815807034,907.734889386248,675.173688606833,1193.17955986726,199.144446954075,45.5263157894739,137.657894736842
"NISQ-NC-3ALL.csv","2011","0010-11-01","0011-10-31",0,3569,1194.72623611111,198,496.688614916286,609.463376823794,11.2391813769415,6.76350715372907,0,"0010-11-18","0011-04-06",52,139,0,0,"NISQ","NISQ3","N","C",6.79631870921211,11.3177880060384,592.027542707868,487.24839264367,1220.32783530918,198.019446954076,53.526315789474,138.157894736842
"NISQ-NC-4ALL.csv","2011","0010-11-01","0011-10-31",0,3570,1304.02166666667,199,1081.20136986301,1637.48846314908,11.7857147950089,7.16025410958904,0,"0010-11-18","0011-04-06",54,139,0,0,"NISQ","NISQ4","N","C",7.16417669313957,11.7588776057511,1421.74670282245,970.244222413431,1275.98143348582,198.133633141561,54.0263157894739,138.157894736842
"NISQ-NC-5ALL.csv","2011","0010-11-01","0011-10-31",1037,3569,1363.11686609158,204,2168.13092982715,3427.25255878206,12.5252879867958,7.77807775741982,0,NA,NA,39.5263157894745,132.657894736843,0.290557579153825,0,"NISQ","NISQ5","N","C",7.77807775741982,12.5252879867958,3427.25255878206,2168.13092982715,1363.11686609158,204.376886000365,39.5263157894745,132.657894736843
"NISQ-NX-1ALL.csv","2011","0010-11-01","0011-10-31",0,3570,1202.47316666667,195,464.687945205479,709.444829059829,11.3811634790528,6.85963321917808,0,"0010-11-18","0011-04-06",53,139,0,0,"NISQ","NISQ1","N","X",6.87997971502689,11.3920114047643,683.911351058656,496.419520185677,1202.69411154202,198.799303312401,52.0263157894739,138.157894736842
"NISQ-NX-2ALL.csv","2011","0010-11-01","0011-10-31",0,3569,1192.01273611111,195,696.825635464231,997.164501424501,11.3269500607165,6.80490053272451,0,"0010-11-18","0011-04-06",47,139,0,0,"NISQ","NISQ2","N","X",6.83273008818268,11.3635544756548,1018.51029013705,739.644384609562,1206.74303250162,198.924303312401,47.0263157894739,137.657894736842
"NISQ-NX-3ALL.csv","2011","0010-11-01","0011-10-31",0,3569,1245.997875,197,1168.9501674277,1930.75773406655,11.5500135135135,6.90412945205479,0,"0010-11-18","0011-04-06",58,139,0,0,"NISQ","NISQ3","N","X",6.94630463346966,11.6396429188543,1944.49715059245,1174.71018649723,1233.89130794354,197.799303312401,54.0263157894739,138.157894736842
"NISQ-NX-4ALL.csv","2011","0010-11-01","0011-10-31",0,3570,1289.54490612018,201,1041.8561826484,1434.11066749585,11.893180114263,8.08671492220776,0,"0010-11-18","0011-04-06",49,139,0,0,"NISQ","NISQ4","N","X",8.08671492220776,11.893180114263,903.922140116692,770.923619787083,1289.54490612018,197.913489499887,46.0263157894739,137.657894736842
"NISQ-NX-5ALL.csv","2011","0010-11-01","0011-10-31",0,3570,1302.46408333333,200,829.960326484018,1169.19922083333,11.7236068262411,7.2475051369863,0,"0010-11-19","0011-04-06",45,138,0,0,"NISQ","NISQ5","N","X",7.23490053938239,11.7183361721899,985.031262846116,820.954690504554,1376.68033872594,204.156742358691,43.5263157894739,136.657894736842
"HIGH-GC-1ALL.csv","2011","0010-11-01","0011-10-31",0,3099,211.628333333333,43,1298.10583561644,1706.51684825805,9.92158914728682,1.36159041856925,0,"0010-11-01","0011-08-23",296,295,0,0,"HIGH","HIGH1","G","C",2.33745393961016,10.2735160697335,1706.51684825805,449.427750121877,424.898686613753,72.9046631502381,290.5,295.558823529412
"HIGH-GC-2ALL.csv","2011","0010-11-01","0011-10-31",0,3099,243.608833333333,42,1240.87909360731,1681.59288041388,10.8002103174603,1.63682228310502,0,"0010-11-01","0011-08-22",295,294,0,0,"HIGH","HIGH2","G","C",1.25610810835237,8.58749980006542,1681.59288041388,304.443404400917,196.812397909303,49.6766219108859,292.5,296.058823529412
"HIGH-GC-3ALL.csv","2011","0010-11-01","0011-10-31",0,3068,192.600033333333,35,447.868246575342,2662.66555898826,10.5028580952381,1.42600577625571,0,"0010-11-01","0011-10-06",301,339,0,0,"HIGH","HIGH3","G","C",1.6771172132498,11.2667835420645,2662.66555898826,397.60339562821,249.007969143653,44.6841237180566,297,319.558823529411
"HIGH-GC-4ALL.csv","2011","0010-11-01","0011-10-31",0,3068,186.983541666667,40,975.067310502283,2213.83826536374,9.67458854166667,1.43304392694064,0,"0010-11-01","0011-10-06",298,339,0,0,"HIGH","HIGH4","G","C",1.76732905759219,9.57119304046921,2213.83826536374,464.977612776004,319.823489783921,59.920618590283,295,342.058823529412
"HIGH-GC-5ALL.csv","2011","0010-11-01","0011-10-31",0,3131,424.418194444444,62,1745.47905783866,887.467658881894,11.8454547491039,2.27720290715373,0,"0010-11-01","0011-10-06",276,339,0,0,"HIGH","HIGH5","G","C",1.99951795346445,11.0391547794109,887.467658881894,193.340033017729,305.005722019247,55.280412393522,274,310.558823529412
"HIGH-GX-1ALL.csv","2011","0010-11-01","0011-10-31",2277,3099,454.945246893599,74,1109.81146979526,3067.86538637021,10.4599238977234,2.55911369135905,2277,"0010-11-01","0010-11-24",288,341.117647058823,0.734753146176186,0.734753146176186,"HIGH","HIGH1","G","X",2.55911369135905,10.4599238977234,3067.86538637021,1109.81146979526,454.945246893599,73.690824067806,288,341.117647058823
"HIGH-GX-2ALL.csv","2011","0010-11-01","0011-10-31",0,3099,270.302361111111,43,2508.76717351598,3914.59540019334,11.2861014211886,1.70639331811263,0,"0010-11-01","0011-08-21",294,293,0,0,"HIGH","HIGH2","G","X",1.55503718768793,9.0957422694227,3914.59540019334,1161.2727931465,226.858958189149,50.4627828284538,290,295.558823529412
"HIGH-GX-3ALL.csv","2011","0010-11-01","0011-10-31",0,3068,209.425325,36,1828.7212739726,3931.75758614922,10.8173701388889,1.44089139269406,0,"0010-11-01","0011-08-27",300,299,0,0,"HIGH","HIGH3","G","X",1.71639516824262,11.4138621870705,3931.75758614922,1039.98469076797,279.0545294235,45.4702846356245,296.5,300.058823529412
"HIGH-GX-4ALL.csv","2011","0010-11-01","0011-10-31",0,3068,188.294616666667,38,1460.60679680365,4311.44958079976,9.95512149122807,1.42970410958904,0,"0010-11-01","0011-08-24",297,296,0,0,"HIGH","HIGH4","G","X",1.95377961580579,10.4621469069655,4311.44958079976,1268.49156446142,349.870050063768,60.7067795078509,294.5,320.558823529411
"HIGH-GX-5ALL.csv","2011","0010-11-01","0011-10-31",2309,3132,335.052282299094,56,1010.03628375585,3858.86819475728,12.0746641427596,2.0770763587165,2309,NA,NA,269,279.117647058823,0.737228607918263,0.737228607918263,"HIGH","HIGH5","G","X",2.0770763587165,12.0746641427596,3858.86819475728,1010.03628375585,335.052282299094,56.0665733110899,269,279.117647058823
"HIGH-NC-1ALL.csv","2011","0010-11-01","0011-10-31",1498,3132,457.787357773873,76,441.350898232376,1503.14833451084,11.2206714363347,2.78113841116647,1498,"0010-11-01","0011-02-10",250,261.117647058823,0.478288633461047,0.478288633461047,"HIGH","HIGH1","N","C",2.78113841116647,11.2206714363347,1503.14833451084,441.350898232376,457.787357773873,75.9361782398206,250,261.117647058823
"HIGH-NC-2ALL.csv","2011","0010-11-01","0011-10-31",0,3132,226.732758333333,50,296.366552511416,1478.22436666667,9.53465516666667,1.69979257990868,0,"0010-11-01","0011-08-12",285,284,0,0,"HIGH","HIGH2","N","C",1.69979257990868,9.53465516666667,1478.22436666667,296.366552511416,229.701069069423,52.7081370004684,282.5,286.558823529412
"HIGH-NC-3ALL.csv","2011","0010-11-01","0011-10-31",0,3132,422.978275,76,949.329525114155,2459.29704524104,10.5655036184211,2.54449399543379,0,"0010-11-01","0011-07-17",256,258,0,0,"HIGH","HIGH3","N","C",2.12080168480611,12.2139389086658,2459.29704524104,389.526543738709,281.896640303773,47.7156388076391,266,271.558823529411
"HIGH-NC-4ALL.csv","2011","0010-11-01","0011-10-31",0,3132,347.827966666667,64,306.988949771689,1323.94755208333,10.4348119791667,2.20719445205479,0,"0010-11-01","0011-10-29",266,362,0,0,"HIGH","HIGH4","N","C",2.2110135291485,10.5183484070705,2010.46975161653,456.900760886503,352.712160944041,62.9521336798654,269,320.558823529412
"HIGH-NC-5ALL.csv","2011","0010-11-01","0011-10-31",0,3132,327.957708333333,60,296.772803652968,909.495625,10.4659618055556,2.10713847031963,0,"0010-11-01","0011-08-02",275,274,0,0,"HIGH","HIGH5","N","C",2.10713847031963,10.4659618055556,909.495624999999,296.772803652971,337.894393179367,58.3119274831044,274,277.058823529412
"HIGH-NX-1ALL.csv","2011","0010-11-01","0011-10-31",0,3133,459.614761363636,79,477.676647986716,1740.50787782892,10.8886908508159,2.76664708592777,0,"0010-11-01","0011-07-10",244,251,0,0,"HIGH","HIGH1","N","X",2.81316957501492,11.1017949136022,1511.54760568701,428.645330637956,471.350830408232,75.7160345981463,250,259.058823529411
"HIGH-NX-2ALL.csv","2011","0010-11-01","0011-10-31",0,3132,247.61035,51,471.283289954338,2240.63483660131,9.85510490196078,1.77475853881279,0,"0010-11-01","0011-08-10",283,282,0,0,"HIGH","HIGH2","N","X",1.8090930713438,9.7376132853015,2358.27761951014,480.106653989192,243.264541703782,52.4879933587941,280.5,284.558823529412
"HIGH-NX-3ALL.csv","2011","0010-11-01","0011-10-31",0,3132,466.710375,72,1608.73956621005,2375.43980546602,11.4820885416667,2.57251363013699,0,"0010-11-01","0011-07-17",258,258,0,0,"HIGH","HIGH3","N","X",1.97045105189849,12.0557332029493,2375.43980546602,358.818551610662,295.460112938132,47.4954951659648,265.5,269.058823529412
"HIGH-NX-4ALL.csv","2011","0010-11-01","0011-10-31",0,3132,402.122675,64,697.029283105023,3330.33651041667,11.283166796875,2.29251159817352,0,"0010-11-01","0011-07-27",258,268,0,0,"HIGH","HIGH4","N","X",2.20783549946166,11.1040179228443,2755.13180011656,587.325425304117,366.2756335784,62.7319900381912,263,275.558823529411
"HIGH-NX-5ALL.csv","2011","0010-11-01","0011-10-31",0,3132,340.790275,55,440.379767123288,2527.94689393939,11.1961868181818,1.99506828767123,0,"0010-11-01","0011-08-06",279,278,0,0,"HIGH","HIGH5","N","X",1.99506828767123,11.1961868181818,2527.94689393939,440.379767123289,351.457865813726,58.0917838414302,280.5,285.058823529412
"PARA-GC-1ALL.csv","2011","0010-11-01","0011-10-31",0,3131,292.898138888889,58,187.181143074581,825.372509578544,10.0499679118774,1.89791458143075,0,"0010-11-01","0011-08-02",269,274,0,0,"PARA","PARA1","G","C",1.90883636932869,10.0709677687967,833.63043370175,185.646074169295,311.232897326261,56.0205453303649,268.75,274.65
"PARA-GC-2ALL.csv","2011","0010-11-01","0011-10-31",0,3067,148.929347222222,32,202.026161339422,1314.99861111111,9.65404210069445,1.21269385083714,0,"0010-11-01","0011-08-28",301,300,0,0,"PARA","PARA2","G","C",1.2760612072358,9.91317851209158,1877.14280135617,269.268406060554,199.933607829552,38.9524166314039,296.75,299.65
"PARA-GC-3ALL.csv","2011","0010-11-01","0011-10-31",0,3131,219.793597222222,52,319.228726788432,1520.33691239316,9.2267999465812,1.6178303805175,0,"0010-11-01","0011-10-06",283,339,0,0,"PARA","PARA3","G","C",1.67771404081019,9.317925265277,1954.76074150869,385.188311417635,262.760513931809,56.9359123124305,281.75,312.15
"PARA-GC-4ALL.csv","2011","0010-11-01","0011-10-31",0,3184,339.438016666667,64,420.975945205479,2007.91385416667,10.3037190104167,2.19855406392694,0,"0010-11-01","0011-07-31",273,272,0,0,"PARA","PARA4","G","C",2.19855406392694,10.3037190104167,2007.91385416667,420.97594520548,325.059222937769,57.2373847259598,271.75,275.15
"PARA-GC-5ALL.csv","2011","0010-11-01","0011-10-31",0,3120,318.33695,55,507.133267123288,2864.65418181818,10.7879445454545,2.02378337899543,0,"0010-11-01","0011-08-07",278,279,0,0,"PARA","PARA5","G","C",2.02801436817416,10.8007791739091,2158.09051976875,395.942519321806,327.204668174093,54.4712385639074,278.25,282.15
"PARA-GX-1ALL.csv","2011","0010-11-01","0011-10-31",0,3131,335.337125,60,762.908870624049,3240.91415436303,10.5889520833333,2.05786657534247,0,"0010-11-01","0011-08-03",276,275,0,0,"PARA","PARA1","G","X",2.45282629278611,10.9101189336011,3240.91415436303,1069.50475095027,341.279457606108,56.8067062479327,275.75,277.65
"PARA-GX-2ALL.csv","2011","0010-11-01","0011-10-31",0,3099,224.508097222222,41,1178.24543302892,3146.23482851713,10.4758072493225,1.47243218417047,0,"0010-11-01","0011-08-22",295,294,0,0,"PARA","PARA2","G","X",1.31533916222862,10.0602571570976,3146.23482851713,911.649701200311,229.980168109399,39.7385775489717,291.75,294.15
"PARA-GX-3ALL.csv","2011","0010-11-01","0011-10-31",0,3131,203.103611111111,46,486.367197108067,2833.50821256039,9.41529589371981,1.50945651445967,0,"0010-11-01","0011-10-06",287,339,0,0,"PARA","PARA3","G","X",1.55401966223204,9.15619322317236,2869.45559679084,514.72692335302,292.807074211656,57.7220732299984,284.25,312.65
"PARA-GX-4ALL.csv","2011","0010-11-01","0011-10-31",0,3131,316.454527777778,58,769.721827245053,2518.82312359279,10.4561125478927,2.01313167427702,0,"0010-11-01","0011-08-06",279,278,0,0,"PARA","PARA4","G","X",2.44392861942827,10.6753898449481,2518.82312359279,943.642053406826,355.105783217616,58.0235456435276,277.75,279.65
"PARA-GX-5ALL.csv","2011","0010-11-01","0011-10-31",0,3107,313.363291666667,50,539.660451293759,3119.97536111111,11.2672658333333,1.94322278538813,0,"0010-11-01","0011-08-13",286,285,0,0,"PARA","PARA5","G","X",1.99966132121268,11.327725567354,2988.93666697666,534.879915187029,357.251228453939,55.2573994814753,282.75,286.15
"PARA-NC-1ALL.csv","2011","0010-11-01","0011-10-31",0,3131,330.592680555556,56,139.794560882801,687.29154265873,10.9034407242063,1.99349939878234,0,"0010-11-01","0011-08-04",276,276,0,0,"PARA","PARA1","N","C",1.97129901159034,10.8735966206518,626.247492595851,126.658498627383,344.121568486381,59.0520604199473,276.75,280.15
"PARA-NC-2ALL.csv","2011","0010-11-01","0011-10-31",0,3067,265.706027777778,43,272.43446194825,1655.17438630491,11.1792099483204,1.63041229071537,0,"0010-11-01","0011-08-19",292,291,0,0,"PARA","PARA2","N","C",1.62111488740218,11.0397791586164,1635.43747679321,266.801589745649,232.822278989672,41.9839317209863,288.75,292.65
"PARA-NC-3ALL.csv","2011","0010-11-01","0011-10-31",0,3183,378.029013888889,69,151.064667427702,527.015740740741,10.4786813607085,2.3503446499239,0,"0010-11-01","0011-07-18",251,259,0,0,"PARA","PARA3","N","C",2.3360027648442,10.4401338879499,388.333027877337,122.287459333545,295.649185091929,59.9674274020129,255.25,264.65
"PARA-NC-4ALL.csv","2011","0010-11-01","0011-10-31",0,3184,367.389641666667,62,241.927152968037,1197.74913978495,10.9256393817204,2.20937833333333,0,"0010-11-01","0011-07-29",270,270,0,0,"PARA","PARA4","N","C",2.13091985907417,11.1426517683743,1913.3676106034,368.380161423473,357.94789409789,60.2688998155422,271.25,275.15
"PARA-NC-5ALL.csv","2011","0010-11-01","0011-10-31",0,3184,395.868658333333,60,591.852684931507,3044.07283333333,11.5978109722222,2.21796675799087,0,"0010-11-01","0011-07-29",258,270,0,0,"PARA","PARA5","N","C",2.21785619774448,11.4568011137405,2522.45997013724,504.554620705397,360.093339334213,57.5027536534899,263.25,274.65
"PARA-NX-1ALL.csv","2011","0010-11-01","0011-10-31",0,3183,394.920916666667,61,314.450089041096,1642.55532786885,11.4741133879781,2.32503200913242,0,"0010-11-01","0011-07-30",272,271,0,0,"PARA","PARA1","N","X",2.32566034714732,11.4074634347337,1680.58194632114,337.427888140559,357.68504112074,58.831916778273,271.75,275.15
"PARA-NX-2ALL.csv","2011","0010-11-01","0011-10-31",0,3102,308.33503030303,45,592.0892890747,1551.58023701818,11.8518895622896,1.86233065982724,0,"0010-11-01","0011-08-14",279,286,0,0,"PARA","PARA2","N","X",1.47076425449456,10.8815734528999,1551.58023701818,236.093597617602,246.385751624031,41.7637880793121,279.75,287.15
"PARA-NX-3ALL.csv","2011","0010-11-01","0011-10-31",0,3183,352.853319444444,63,271.959167427702,1130.95434303351,10.600846340388,2.12803181126332,0,"0010-11-01","0011-07-28",267,269,0,0,"PARA","PARA3","N","X",2.12836311674182,10.5011632246928,1110.05434763012,259.78927648948,309.212657726288,59.7472837603386,269.75,273.15
"PARA-NX-4ALL.csv","2011","0010-11-01","0011-10-31",0,3184,384.069333333333,63,264.428894977169,1266.16714285714,11.0963386243386,2.30262223744292,0,"0010-11-01","0011-07-28",264,269,0,0,"PARA","PARA4","N","X",2.18666582667505,11.2090382521832,1071.32761309353,217.956982357016,371.511366732248,60.0487561738679,268.25,275.15
"PARA-NX-5ALL.csv","2011","0010-11-01","0011-10-31",0,3184,373.656811968572,70,74.4866255707763,144.532583333333,11.4911241589889,9.58635719178082,0,"0010-11-01","0011-07-31",267,272,0,0,"PARA","PARA5","N","X",2.29105180069253,11.4911241589889,1703.82115806425,360.110680926886,373.656811968572,57.2826100118156,268.75,276.15
"AE10-GC-1ALL.csv","2011","0010-11-01","0011-10-31",0,3115,300.870055555556,60,232.999576103501,1124.01275462963,10.0145009259259,1.96994339421613,0,"0010-11-01","0011-08-11",282,283,0,0,"AE10","AE101","G","C",1.94703785081591,9.92432178326324,1504.24402611151,299.457004037335,336.232830885241,65.4325272683828,278.175,279.55
"AE10-GC-2ALL.csv","2011","0010-11-01","0011-10-31",0,3175,422.420111111111,76,373.495659056317,1594.32425073099,10.5581593567251,2.55197283866058,0,"0010-11-01","0011-07-26",268,267,0,0,"AE10","AE102","G","C",2.54617942633675,10.7314700739295,1712.7436391765,396.483328933885,468.044618324993,78.9959112326224,268.175,267.55
"AE10-GC-3ALL.csv","2011","0010-11-01","0011-10-31",0,3176,439.136591666667,76,1045.56541780822,2375.20561998547,10.7781130482456,2.62142915525114,0,"0010-11-01","0011-07-26",264,267,0,0,"AE10","AE103","G","C",2.22904158702215,9.88381641706628,2375.20561998547,522.18880760706,417.069176540955,74.792046178801,263.675,267.05
"AE10-GC-4ALL.csv","2011","0010-11-01","0011-10-31",0,3175,468.977722222222,78,982.91505175038,2566.62351572449,11.0125349002849,2.71057768645358,0,"0010-11-01","0011-07-21",260,262,0,0,"AE10","AE104","G","C",2.41073899841513,10.809822660361,2566.62351572449,556.572254964845,439.603326335123,71.9021179996382,260.675,263.55
"AE10-GC-5ALL.csv","2011","0010-11-01","0011-10-31",0,3177,456.811891666667,79,957.60545516812,2698.01391488011,10.7824290084388,2.98645836861768,0,"0010-11-01","0011-07-23",261,264,0,0,"AE10","AE105","G","C",2.73746273276291,11.1484697914601,2698.01391488011,649.206669818397,471.667476214264,84.0770716314562,260.175,264.05
"AE10-GX-1ALL.csv","2011","0010-11-01","0011-10-31",0,3115,381.095138888889,63,1153.68834703196,2773.33605327247,11.0491291887125,2.33358407914764,0,"0010-11-01","0011-08-08",281,280,0,0,"AE10","AE101","G","X",1.98631580580874,10.0714004282692,2773.33605327247,941.838299177092,366.279391165087,66.2186881859507,278.175,277.55
"AE10-GX-2ALL.csv","2011","0010-11-01","0011-10-31",0,3943,474.621416666667,80,1402.30397031963,2513.63334080961,10.9327677083333,2.76632842465753,0,"0010-11-01","0011-07-23",262,264,0,0,"AE10","AE102","G","X",2.74510413572675,10.6402064580771,2513.63334080961,947.031802595527,498.09117860484,79.7820721501903,263.675,265.05
"AE10-GX-3ALL.csv","2011","0010-11-01","0011-10-31",0,3176,436.164475,74,926.879931506849,3492.86879344244,10.894114527027,2.57341365296804,0,"0010-11-01","0011-07-28",266,269,0,0,"AE10","AE103","G","X",2.40432183368164,10.4518880135675,3492.86879344244,1132.48606963585,447.115736820802,75.5782070963689,266.175,268.55
"AE10-GX-4ALL.csv","2011","0010-11-01","0011-10-31",0,3175,527.521027777778,78,1023.40612328767,3835.71554288546,11.7630900997151,2.86735128614916,0,"0010-11-01","0011-07-23",261,264,0,0,"AE10","AE104","G","X",2.45001695340795,10.956901305367,3835.71554288546,1198.9535501046,469.64988661497,72.688278917206,263.175,265.55
"AE10-GX-5ALL.csv","2011","0010-11-01","0011-10-31",0,3175,458.889944444444,79,1277.11336605784,3967.10594204108,10.8087334739803,2.84813418569254,0,"0010-11-02","0011-07-23",259,263,0,0,"AE10","AE105","G","X",2.77674068775574,11.2955484364661,3967.10594204108,1291.58796495815,501.71403649411,84.8632325490241,261.675,264.05
"AE10-NC-1ALL.csv","2011","0010-11-01","0011-10-31",0,2822,404.409166666667,67,221.813630136986,978.080223880597,11.0359577114428,2.3760100456621,0,"0010-11-01","0011-08-01",271,273,0,0,"AE10","AE101","N","C",2.39072232237223,10.8714771498645,1300.87551236429,291.380152147834,369.121502045361,68.4640423579652,268.675,271.05
"AE10-NC-2ALL.csv","2011","0010-11-01","0011-10-31",0,3176,521.953833333333,84,733.377502283105,2904.51817460317,11.268171184739,2.86192084474886,0,"0010-11-01","0011-07-19",256,260,0,0,"AE10","AE102","N","C",2.93172892417255,11.5017765518462,2760.91830093507,702.833583012558,500.933289485113,82.0274263222049,255.175,259.55
"AE10-NC-3ALL.csv","2011","0010-11-01","0011-10-31",0,3175,457.490416666667,80,391.088263318113,1638.52003472222,10.7837758438819,2.6991403652968,0,"0010-11-01","0011-07-22",259,263,0,0,"AE10","AE103","N","C",2.67272605857847,10.8309717836675,2171.83710623825,514.111955717559,449.957847701076,77.8235612683835,259.675,263.55
"AE10-NC-4ALL.csv","2011","0010-11-01","0011-10-31",0,3175,513.013319444444,74,1503.6034543379,2363.25500197728,11.9326124249249,2.75296692541857,0,"0010-11-01","0011-07-23",265,264,0,0,"AE10","AE104","N","C",2.85442346997144,11.7569780269623,2363.25500197728,548.495403075344,472.491997495244,74.9336330892206,265.675,265.55
"AE10-NC-5ALL.csv","2011","0010-11-01","0011-10-31",0,3175,559.096388888889,88,1094.58527473364,1015.44649812043,11.4195217113665,3.08610782343988,0,"0010-11-01","0011-07-16",253,257,0,0,"AE10","AE105","N","C",3.21371256829865,10.8186689992244,1015.44649812043,329.634156657137,504.556147374384,87.1085867210387,254.675,258.05
"AE10-NX-1ALL.csv","2011","0010-11-01","0011-10-31",0,3115,386.162763888889,66,266.549468797565,1250.87605218855,10.8509509680135,2.24689750380518,0,"0010-11-01","0011-08-02",272,274,0,0,"AE10","AE101","N","X",2.2403716894646,10.713271444148,1217.01827258927,260.672160019787,382.68497467972,68.243898716291,270.675,272.55
"AE10-NX-2ALL.csv","2011","0010-11-01","0011-10-31",0,3176,526.592033333333,87,580.292769406393,2208.85873563218,11.1052285852713,2.9410250456621,0,"0010-11-01","0011-07-14",251,255,0,0,"AE10","AE102","N","X",2.9410250456621,11.1052285852713,2208.85873563219,580.292769406396,514.496762119472,81.8072826805306,252.175,256.05
"AE10-NX-3ALL.csv","2011","0010-11-01","0011-10-31",0,3175,460.534305555556,77,481.332696347032,2083.55487012987,11.0497605994152,2.68405115677321,0,"0010-11-01","0011-07-23",260,264,0,0,"AE10","AE103","N","X",2.65837771733751,11.0937590294463,1936.55101275924,451.319930478547,463.521320335435,77.6034176267092,262.175,265.55
"AE10-NX-4ALL.csv","2011","0010-11-01","0011-10-31",0,3175,490.056055556028,74,701.819751902588,3134.60352852853,11.6223791291355,2.70522550212861,0,"0010-11-01","0011-07-26",267,267,0,0,"AE10","AE104","N","X",2.70407283706382,11.5987723212458,2279.39776220225,517.787410947297,486.055470129603,74.7134894475463,267.175,267.05
"AE10-NX-5ALL.csv","2011","0010-11-01","0011-10-31",0,3162,518.679494047619,91,330.495141878669,1106.68500130822,10.7426277116402,3.05941711024136,0,"0010-11-01","0011-07-09",245,250,0,0,"AE10","AE105","N","X",3.06336193539103,10.6604632935079,931.589258345401,298.92616452909,518.119620008743,86.8884430793644,243.175,248.55
"AM16-GC-1ALL.csv","2011","0010-11-01","0011-10-31",0,3239,542.769055555555,104,508.626669710807,1683.97809561966,10.2189332264957,3.16020312024353,0,"0010-11-01","0011-07-05",241,246,0,0,"AM16","AM161","G","C",3.17433534442238,10.329445681014,1875.35759004887,549.420339791411,548.141434821394,108.783365715545,243.175,247.375
"AM16-GC-2ALL.csv","2011","0010-11-01","0011-10-31",0,3240,592.935525,105,533.750134703196,1712.93999206349,10.647005,3.30163294520548,0,"0010-11-01","0011-07-05",239,246,0,0,"AM16","AM162","G","C",3.30163294520548,10.647005,1712.93999206349,533.750134703197,608.172095658683,113.195305247218,243.675,248.875
"AM16-GC-3ALL.csv","2011","0010-11-01","0011-10-31",0,3240,588.049533333333,108,497.07154109589,1579.48661265432,10.5458281446541,3.40962840182648,0,"0010-11-01","0011-07-03",237,244,0,0,"AM16","AM163","G","C",3.41756111455413,10.7037395652349,1676.52225887062,508.94394779298,617.202275830243,109.07072130077,238.175,244.875
"AM16-GC-4ALL.csv","2011","0010-11-01","0011-10-31",0,3240,618.463308333333,117,422.126529680365,1238.80947293447,10.4056638888889,3.59112641552511,0,"0010-11-01","0011-06-25",228,236,0,0,"AM16","AM164","G","C",3.60066568997983,10.4108687359743,1013.90857595907,358.025015435913,621.223318128379,117.408116790817,227.175,234.375
"AM16-GC-5ALL.csv","2011","0010-11-01","0011-10-31",0,3239,532.322863888889,100,468.394296803653,1558.20818333333,10.3232286388889,3.06979871385084,0,"0010-11-01","0011-07-09",246,250,0,0,"AM16","AM165","G","C",3.09780223410798,10.6042915446477,2158.49462616984,600.396535282279,557.51064207259,105.887015235712,248.675,251.375
"AM16-GX-1ALL.csv","2011","0010-11-01","0011-10-31",0,3240,540.731125,106,621.890705479452,1976.84649371069,10.1977692307692,3.21721940639269,0,"0010-11-01","0011-07-05",240,246,0,0,"AM16","AM161","G","X",3.20893483298307,10.2298322770958,1817.76372514158,553.646431956489,578.187995101241,109.569526633112,242.675,247.375
"AM16-GX-2ALL.csv","2011","0010-11-01","0011-10-31",0,3240,637.854533333333,105,1983.66540410959,2823.38623082291,11.0748050793651,3.4425449543379,0,"0010-11-01","0011-07-03",241,244,0,0,"AM16","AM162","G","X",3.40753711721233,11.0388694283607,2823.38623082291,815.927274628959,638.21865593853,113.981466164786,243.175,245.375
"AM16-GX-3ALL.csv","2011","0010-11-01","0011-10-31",0,3240,659.187925,108,894.13346347032,2860.15649691358,11.1035918981481,3.59183244292237,0,"0010-11-01","0011-07-02",239,243,0,0,"AM16","AM163","G","X",3.59183244292237,11.1035918981481,2860.15649691358,894.133463470321,647.24883611009,109.856882218338,241.675,244.375
"AM16-GX-4ALL.csv","2011","0010-11-01","0011-10-31",0,3240,644.335025,119,836.164173515982,2409.4793977591,10.5406273706897,3.70633853881279,0,"0010-11-01","0011-06-21",225,232,0,0,"AM16","AM164","G","X",3.74399959450562,10.5968766526116,2176.48181552558,759.424797857194,651.269878408225,118.194277708385,226.175,232.375
"AM16-GX-5ALL.csv","2011","0010-11-01","0011-10-31",0,3239,547.721669444445,98,714.372697108067,2493.23257936508,10.5889966269841,3.09802740487062,0,"0010-11-01","0011-07-11",248,252,0,0,"AM16","AM165","G","X",3.09802740487062,10.5889966269841,2493.23257936508,714.372697108069,587.557202352437,106.67317615328,250.675,253.875
"AM16-NC-1ALL.csv","2011","0010-11-01","0011-10-31",0,3240,582.816025,114,346.079794520548,1042.16089181287,10.1961375,3.55412187214612,0,"0010-11-01","0011-06-27",230,238,0,0,"AM16","AM161","N","C",3.53873908235284,10.1593247665222,1030.02349033024,371.045594904616,581.030105981515,111.814880805127,227.175,234.875
"AM16-NC-2ALL.csv","2011","0010-11-01","0011-10-31",0,3240,643.167083333333,116,328.43649543379,985.889655172414,10.5913213768116,3.67565799086758,0,"0010-11-01","0011-06-22",227,233,0,0,"AM16","AM162","N","C",3.71548557053301,10.5027608734944,820.668431690979,301.322879389014,641.060766818804,116.2268203368,224.675,230.875
"AM16-NC-3ALL.csv","2011","0010-11-01","0011-10-31",0,3240,683.23965,111,1606.92160045662,1424.52003260388,11.1553121621622,3.704409543379,0,"0010-11-01","0011-06-28",233,239,0,0,"AM16","AM163","N","C",3.67469517553943,10.8665680064104,1424.52003260388,719.113435124977,650.090946990364,112.102236390353,233.175,239.875
"AM16-NC-4ALL.csv","2011","0010-11-01","0011-10-31",0,3240,683.23965,111,1606.92160045662,1521.88828724613,11.1553121621622,3.704409543379,0,"0010-11-01","0011-06-28",233,239,0,0,"AM16","AM164","N","C",3.86677141561573,10.5915425040475,1521.88828724613,766.429079173465,654.111989288499,120.4396318804,233.175,239.875
"AM16-NC-5ALL.csv","2011","0010-11-01","0011-10-31",0,3239,649.408275,121,921.567944444444,2707.22021120294,10.4909101694915,3.73775714611872,0,"0010-11-08","0011-06-19",220,223,0,0,"AM16","AM165","N","C",3.73775714611872,10.4909101694915,2707.22021120294,921.567944444444,590.399313232711,108.918530325294,218.175,223.875
"AM16-NX-1ALL.csv","2011","0010-11-01","0011-10-31",0,3239,602.815427777778,115,467.747318112633,1380.82261111111,10.2862976120858,3.58957137747336,0,"0010-11-01","0011-06-25",231,236,0,0,"AM16","AM161","N","X",3.5991177716484,10.3332767011447,1289.180925008,452.128193506214,594.593578615874,111.594737163453,229.175,234.375
"AM16-NX-2ALL.csv","2011","0010-11-01","0011-10-31",0,3240,672.551425,123,455.95852739726,1204.81663279133,10.5504890495868,3.88939808219178,0,"0010-11-08","0011-06-09",211,213,0,0,"AM16","AM162","N","X",3.88839993911178,10.427941937044,1025.51219145593,422.616452662416,654.624239453162,116.006676695126,208.675,214.375
"AM16-NX-3ALL.csv","2011","0010-11-01","0011-10-31",0,3240,673.712433333333,112,296.237849315069,829.797641369048,11.0152895833333,3.66475586757991,0,"0010-11-01","0011-06-25",230,236,0,0,"AM16","AM163","N","X",3.65933791600723,10.9611359886012,1255.20500371085,431.213663534515,663.654419624723,111.882092748679,229.175,235.875
"AM16-NX-4ALL.csv","2011","0010-11-01","0011-10-31",0,3240,661.263825,119,511.995111872146,1472.2481372549,10.678267887931,3.76655591324201,0,"0010-11-01","0011-06-21",225,232,0,0,"AM16","AM164","N","X",3.82047673224106,10.4722660699624,1331.51225987665,494.739574326943,667.675461922858,120.219488238725,220.175,227.875
"AM16-NX-5ALL.csv","2011","0010-11-01","0011-10-31",0,3240,661.263825,119,511.995111872146,1472.2481372549,10.678267887931,3.76655591324201,0,"0010-11-01","0011-06-21",225,232,0,0,"AM16","AM165","N","X",3.59607579094691,10.4963606047189,1364.16106898995,469.800698369781,603.962785867069,108.69838668362,220.175,227.875
"AV06-GC-1ALL.csv","2011","0010-11-01","0011-10-31",0,3323,780.265594444444,134,608.847490106545,1542.73840588723,10.9762158484065,4.2733698934551,0,"0010-11-08","0011-06-13",215,217,0,0,"AV06","AV061","G","C",4.28766874900314,10.9214262433716,1660.1844745011,660.801651868301,756.01495390841,134.985561767326,215.4,217.775
"AV06-GC-2ALL.csv","2011","0010-11-01","0011-10-31",0,3323,743.107669444444,136,290.677622526636,734.407038398693,10.6376003418803,4.19383288432268,0,"0010-11-08","0011-06-10",211,214,0,0,"AV06","AV062","G","C",4.18308938624565,10.5898623296943,693.602928616884,285.227230270582,733.775156001563,132.362882530207,212.4,215.775
"AV06-GC-3ALL.csv","2011","0010-11-01","0011-10-31",0,3323,714.320833333333,131,452.1055456621,1159.99350508906,10.6001921296296,4.06953276255708,0,"0010-11-09","0011-06-16",217,219,0,0,"AV06","AV063","G","C",4.16638075291967,10.8987952714057,1673.2628216441,646.150594537176,743.389372995202,130.163469506185,220.4,221.775
"AV06-GC-4ALL.csv","2011","0010-11-01","0011-10-31",0,3323,756.571591666667,129,517.026211567732,1381.40190999139,11.0310390456989,4.12454979452055,0,"0010-11-01","0011-06-19",221,230,0,0,"AV06","AV064","G","C",4.12454979452054,11.0310390456989,1381.40190999139,517.026211567731,750.754958462259,132.178960900181,222.9,228.275
"AV06-GC-5ALL.csv","2011","0010-11-01","0011-10-31",0,2920,786.42025,132,553.333835616438,1467.43551136364,11.1701607142857,4.21529554794521,0,"0010-11-01","0011-06-17",219,228,0,0,"AV06","AV065","G","C",4.31048278363457,11.2725326489206,2104.26124962309,787.071457790863,734.552928200729,126.947515548141,216.9,223.775
"AV06-GX-1ALL.csv","2011","0010-11-01","0011-10-31",0,3323,809.403577777778,136,791.037184931507,1991.85800857843,11.1460554059829,4.32637292998478,0,"0010-11-08","0011-06-10",212,214,0,0,"AV06","AV061","G","X",4.32637292998477,11.1460554059829,1991.85800857843,791.037184931506,786.061514188256,135.771722684894,213.9,216.275
"AV06-GX-2ALL.csv","2011","0010-11-01","0011-10-31",0,3323,793.201341666667,136,1104.79717808219,2832.97441176471,10.9793747455471,4.33827696347032,0,"0010-11-08","0011-06-11",213,215,0,0,"AV06","AV062","G","X",4.36894124116038,11.0827636268948,2219.83786798321,885.545627011427,763.82171628141,133.149043447775,214.4,216.775
"AV06-GX-3ALL.csv","2011","0010-11-01","0011-10-31",2,3325,764.124594444444,132,822.270971841705,1996.97001683502,10.945625743657,4.17296361491629,2,"0010-11-01","0011-06-16",218,227,0.000601503759398496,0.000601503759398496,"AV06","AV063","G","X",4.21700709529245,11.063765365757,1929.17217938396,758.893251874139,773.435933275048,130.949630423753,219.4,225.275
"AV06-GX-4ALL.csv","2011","0010-11-01","0011-10-31",0,3323,845.682430555556,128,2150.51031278539,2831.6832567345,11.8149425248419,4.26378645357686,0,"0010-11-01","0011-06-22",225,233,0,0,"AV06","AV064","G","X",4.51580790562283,11.32551145217,2831.6832567345,1249.49654390254,780.801518742106,132.965121817749,228.9,233.275
"AV06-GX-5ALL.csv","2011","0010-11-01","0011-10-31",0,3322,882.049763888889,137,1633.45634322679,3732.76930628415,11.6584285411366,4.55596430745814,0,"0010-11-09","0011-06-09",208,212,0,0,"AV06","AV065","G","X",4.69246698114446,11.8399765226384,3732.76930628415,1560.79124021004,764.599488480575,127.733676465709,209.9,212.775
"AV06-NC-1ALL.csv","2011","0010-11-01","0011-10-31",0,3323,767.582777777778,136,181.363082191781,454.467647058824,10.8647560292851,4.2658148021309,0,"0010-11-08","0011-06-11",210,215,0,0,"AV06","AV061","N","C",4.26133210651339,10.7653593495507,328.65915707113,133.554296987624,788.90362506853,138.017076856908,211.4,215.775
"AV06-NC-2ALL.csv","2011","0010-11-01","0011-10-31",0,3323,737.725911111111,132,275.219286910198,719.115484006734,10.7749397707231,4.0631048934551,0,"0010-11-08","0011-06-15",216,219,0,0,"AV06","AV062","N","C",4.05648002977966,10.8706215200981,585.241684954282,218.84893521331,766.663827161683,135.394397619789,217.4,220.275
"AV06-NC-3ALL.csv","2011","0010-11-01","0011-10-31",0,3323,772.097663888889,130,853.998270928463,2346.13110683761,11.1378057571685,4.1854148325723,0,"0010-11-08","0011-06-19",220,223,0,0,"AV06","AV063","N","C",4.18541483257229,11.1378057571685,2346.13110683761,853.998270928462,776.278044155322,133.194984595767,217.4,221.275
"AV06-NC-4ALL.csv","2011","0010-11-01","0011-10-31",0,3323,773.700652777778,131,351.616000761035,911.470059372349,11.0995872222222,4.230125304414,0,"0010-11-08","0011-06-12",213,216,0,0,"AV06","AV064","N","C",4.2279204885735,10.9723869237486,876.656334746798,347.18685085085,783.643629622379,135.210475989763,211.4,215.775
"AV06-NC-5ALL.csv","2011","0010-11-01","0011-10-31",0,3323,773.700652777778,131,351.616000761035,911.470059372349,11.0995872222222,4.230125304414,0,"0010-11-08","0011-06-12",213,216,0,0,"AV06","AV065","N","C",3.98545516914108,10.9076895208624,903.894336665173,332.042719884993,767.441599360849,129.979030637724,211.4,215.775
"AV06-NX-1ALL.csv","2011","0010-11-01","0011-10-31",0,3323,789.754927777778,139,213.136742770167,504.258473221423,10.8850202861953,4.40037194824962,0,"0010-11-08","0011-06-04",204,208,0,0,"AV06","AV061","N","X",4.39375528302919,10.7975266005453,415.283416257713,194.970477773975,802.467097702889,137.796933215234,200.9,208.775
"AV06-NX-2ALL.csv","2011","0010-11-01","0011-10-31",0,3323,759.025925,134,328.439689497717,800.398874378109,10.8446771484375,4.2190898630137,0,"0010-11-08","0011-06-07",208,211,0,0,"AV06","AV062","N","X",4.20822250272184,10.7988855287569,605.276336725167,253.231801871652,780.227299796042,135.174253978115,208.4,212.775
"AV06-NX-3ALL.csv","2011","0010-11-01","0011-10-31",0,3323,779.283519444444,132,552.840779299848,1451.30556397306,11.0957432098765,4.24501614916286,0,"0010-11-08","0011-06-14",213,218,0,0,"AV06","AV063","N","X",4.25313881932862,11.0848784132954,1589.50025284767,603.068239686228,789.841516789681,132.974840954093,213.4,216.775
"AV06-NX-4ALL.csv","2011","0010-11-01","0011-10-31",0,3323,801.046822222222,139,404.594194824962,998.64629696243,10.9810687289562,4.43815499238965,0,"0010-11-08","0011-06-08",207,212,0,0,"AV06","AV064","N","X",4.42955001177535,10.9615749794972,973.988414553917,406.567895917851,797.207102256738,134.990332348089,199.4,210.775
"AV06-NX-5ALL.csv","2011","0010-11-01","0011-10-31",0,3322,774.151041666667,129,454.975825722983,1252.62323428079,11.2033682249322,4.1721602739726,0,"0010-11-08","0011-06-18",217,222,0,0,"AV06","AV065","N","X",4.17781077875053,11.1698490438577,1179.45312639025,432.673215036369,781.005071995208,129.75888699605,214.4,219.275
"TO04-GC-1ALL.csv","2011","0010-11-01","0011-10-31",0,3495,1067.52626388889,191,430.415277777778,693.825399941827,10.7528218999386,6.41138154490107,0,"0010-11-18","0011-04-07",82,140,0,0,"TO04","TO041","G","C",6.24601189109662,10.7613496139425,758.829624268112,494.357052805248,1082.955328816,187.72837115417,83.5749999999998,141.975
"TO04-GC-2ALL.csv","2011","0010-11-01","0011-10-31",0,3495,1275.48806388889,194,1835.67913394216,3036.42163087056,11.8196410595021,6.73739743531202,0,"0010-11-18","0011-03-25",60,127,0,0,"TO04","TO042","G","C",6.71609040921876,11.8391960533924,3146.59073198207,1836.11360111313,1145.3507183556,188.083438001065,65.0749999999998,135.475
"TO04-GC-3ALL.csv","2011","0010-11-01","0011-10-31",0,3496,1163.65829671717,187,1387.00730697385,2400.55951628585,11.4274268176111,6.39600560744431,0,"0010-11-18","0011-04-14",95,147,0,0,"TO04","TO043","G","C",6.33066737288907,11.3750410172232,2021.14966124129,1179.61428702134,1080.87666155611,181.018738136235,93.0749999999998,145.975
"TO04-GC-4ALL.csv","2011","0010-11-01","0011-10-31",0,3495,1072.44718611111,186,810.369411719939,1187.98816009558,10.9514676767677,6.14406968797565,0,"0010-11-18","0011-04-14",94,147,0,0,"TO04","TO044","G","C",6.08668927426586,10.8975515012385,1192.56643506272,805.123492606189,1087.61519485337,186.143738136235,91.5749999999998,145.475
"TO04-GC-5ALL.csv","2011","0010-11-01","0011-10-31",0,3495,1174.91995075758,187,916.467286218348,1501.24329930319,11.496441105975,6.51833582399336,0,"0010-11-18","0011-03-25",78,127,0,0,"TO04","TO045","G","C",6.44327429105943,11.3590774932668,1590.90068103944,977.89810476859,1168.34000506411,188.419438001065,79.5749999999998,129.475
"TO04-GX-1ALL.csv","2011","0010-11-01","0011-10-31",0,3495,1248.98494722222,188,2466.85709665145,3100.57307291521,11.8791914169788,6.70575191019787,0,"0010-11-18","0011-03-28",87,130,0,0,"TO04","TO041","G","X",6.47337880324215,11.3049060473164,3100.57307291521,1668.54515844134,1113.00188909585,188.514532071738,78.0749999999998,136.975
"TO04-GX-2ALL.csv","2011","0010-11-01","0011-10-31",0,3495,1186.22691666667,191,1765.89229604262,2903.3143353694,11.4092094843462,6.46787168949772,0,"0010-11-18","0011-04-14",76,147,0,0,"TO04","TO042","G","X",6.46787168949773,11.4092094843462,2903.3143353694,1765.89229604262,1175.39727863544,188.869598918632,77.5749999999998,145.475
"TO04-GX-3ALL.csv","2011","0010-11-01","0011-10-31",0,3495,1124.65246388889,187,788.842600456621,1187.89023618538,11.2102674513497,6.28182421613394,0,"0010-11-18","0011-04-08",90,141,0,0,"TO04","TO043","G","X",6.26432475015056,11.2445447229814,1313.40532546738,833.867406418975,1110.92322183596,181.804899053803,90.0749999999998,142.475
"TO04-GX-4ALL.csv","2011","0010-11-01","0011-10-31",0,3495,1137.61543888889,187,1073.94212024353,1644.89478015449,11.2826281858129,6.31932928462709,0,"0010-11-18","0011-04-14",98,147,0,0,"TO04","TO044","G","X",6.26349164203602,11.2410286365093,1638.99976302211,1056.99961683326,1117.66175513321,186.929899053803,96.0749999999998,146.475
"TO04-GX-5ALL.csv","2011","0010-11-01","0011-10-31",0,3495,1297.74612878788,192,3246.34744707347,3399.02774787486,11.9931181526807,6.86860411996679,0,"0010-11-18","0011-04-07",77,140,0,0,"TO04","TO045","G","X",6.68754218520883,11.8664529127417,3399.02774787486,1938.63697800633,1198.38656534396,189.205598918632,79.0749999999998,136.475
"TO04-NC-1ALL.csv","2011","0010-11-01","0011-10-31",0,3495,1109.93478055556,189,535.106114916286,759.793621399177,11.0579722377405,6.41814837138508,0,"0010-11-19","0011-03-16",62,117,0,0,"TO04","TO041","N","C",6.33724875175926,11.0065000540075,775.447749068426,550.575288214779,1115.84399997612,190.759886243752,64.0749999999998,123.475
"TO04-NC-2ALL.csv","2011","0010-11-01","0011-10-31",0,3495,1099.197,187,490.784599695586,782.637721330957,11.0610670903955,6.36182191780822,0,"0010-11-18","0011-04-14",70,147,0,0,"TO04","TO042","N","C",6.30615332320992,11.0533521883849,695.416058852453,451.241650830125,1178.23938951572,191.114953090647,70.0749999999998,145.475
"TO04-NC-3ALL.csv","2011","0010-11-01","0011-10-31",0,3495,1079.933475,185,486.807369863014,667.022918918919,11.0296291428571,6.14924136986301,0,"0010-11-18","0011-04-07",89,140,0,0,"TO04","TO043","N","C",6.09004570982759,11.0117659621592,799.159723007091,542.350947372171,1113.76533271623,184.050253225818,93.0749999999998,142.475
"TO04-NC-4ALL.csv","2011","0010-11-01","0011-10-31",0,3495,1101.27204166667,185,350.86902739726,575.740243243243,11.1435752380952,6.17714406392694,0,"0010-11-18","0011-04-07",78,140,0,0,"TO04","TO044","N","C",6.13615452523753,11.0694810100693,548.615243652739,372.142972753878,1120.50386601349,189.175253225818,81.0749999999998,142.475
"TO04-NC-5ALL.csv","2011","0010-11-01","0011-10-31",0,3496,1179.34451767677,189,784.420470458005,1176.74621278927,11.4644368970605,6.57237950048429,0,"0010-11-19","0011-04-07",78,139,0,0,"TO04","TO045","N","C",6.48944728443883,11.3760989460471,1065.26605168283,745.510221628,1201.22867622423,191.450953090647,79.0749999999998,141.475
"TO04-NX-1ALL.csv","2011","0010-11-01","0011-10-31",0,3495,1133.72229166667,188,912.931290715373,1447.15137559102,11.1919841713222,6.38215422374429,0,"0010-11-18","0011-04-06",63,139,0,0,"TO04","TO041","N","X",6.37498707600434,11.2447721366589,1764.24193077953,1051.67410658307,1129.40747261048,190.539742602078,68.5749999999998,141.475
"TO04-NX-2ALL.csv","2011","0010-11-01","0011-10-31",0,3495,1135.84298333333,186,706.437546423135,1144.06303912784,11.3049104166667,6.37790771689498,0,"0010-11-18","0011-04-06",57,139,0,0,"TO04","TO042","N","X",6.33362836251024,11.2225122913968,1099.23617314397,684.300476624455,1191.80286215008,190.894809448973,64.5749999999998,141.475
"TO04-NX-3ALL.csv","2011","0010-11-01","0011-10-31",0,3495,1093.87249166667,185,587.55602435312,911.027493993994,11.1062128095238,6.16688388127854,0,"0010-11-18","0011-04-08",87,141,0,0,"TO04","TO043","N","X",7.14226648582044,11.7608106621695,824.612096210654,582.536161815689,1127.32880535059,183.830109584144,61.5749999999998,103.975
"TO04-NX-4ALL.csv","2011","0010-11-01","0011-10-31",0,3495,1132.21316666667,187,663.59254414003,1043.63979203803,11.2801124526515,6.34099634703196,0,"0010-11-18","0011-04-07",86,140,0,0,"TO04","TO044","N","X",6.28727510813429,11.2495484790387,965.113530467351,624.856994580124,1134.06733864785,188.955109584144,82.5749999999998,142.475
"TO04-NX-5ALL.csv","2011","0010-11-01","0011-10-31",0,3496,1228.23272727273,190,1061.09406427287,1559.34918926103,11.7102261300152,6.63682185554172,0,"0010-11-18","0011-03-21",55,123,0,0,"TO04","TO045","N","X",6.54408659068778,11.5781900147995,1520.44385158227,1033.15980759793,1214.79214885859,191.230809448973,63.5749999999998,126.975
"NISQ-GC-1ALL.csv","2012","0011-11-01","0012-09-15",0,2950,1077.56657777778,158,385.975532118056,590.690476441632,11.896283511396,6.72678240451389,0,"0011-11-18","0012-04-06",59,140,0,0,"NISQ","NISQ1","G","C",6.6787496256779,11.843684005557,694.49973014589,409.713727000451,1077.9473080822,157.197544407978,52.9736842105247,134.342105263156
"NISQ-GC-2ALL.csv","2012","0011-11-01","0012-09-15",0,2951,1045.07556035354,159,393.253454150884,719.659126802617,11.6466284098951,6.61816099589646,0,"0011-11-18","0012-03-24",47,127,0,0,"NISQ","NISQ2","G","C",6.64820298149094,11.7922153319214,1285.07378606307,794.997317012292,1081.9962290418,157.322544407978,48.4736842105268,138.342105263158
"NISQ-GC-3ALL.csv","2012","0011-11-01","0012-09-15",0,2951,1093.13082676768,158,1419.01767526831,2592.19748050121,11.9968008126133,6.74655896385732,0,"0011-11-18","0012-04-06",60,140,0,0,"NISQ","NISQ3","G","C",6.74050766562361,12.0021349941768,1884.0807332005,1006.20078716005,1109.14450448372,156.197544407978,58.9736842105273,134.342105263158
"NISQ-GC-4ALL.csv","2012","0011-11-01","0012-08-28",0,2814,944.538826767677,140,1399.19853008562,2700.28215656566,11.8326733823745,6.35863201468326,0,"0011-11-18","0012-04-06",60,140,0,0,"NISQ","NISQ4","G","C",6.54654419103655,11.9200712790574,1938.12307123272,996.291214568701,1164.79810266036,156.311730595464,58.9736842105271,134.342105263159
"NISQ-GC-5ALL.csv","2012","0011-11-01","0012-09-15",0,2951,1568.68254621212,166,1850.73130924965,3005.02799087281,14.5547499769032,8.26334636837121,0,"0011-11-18","0012-03-22",42,125,0,0,"NISQ","NISQ5","G","C",7.69927084227569,13.3439305331867,3005.02799087281,1850.73130924965,1251.93353526612,162.554983454268,46.4736842105269,126.342105263159
"NISQ-GX-1ALL.csv","2012","0011-11-01","0012-09-15",0,2950,1102.59884444444,161,1032.32259722222,1657.74167874396,12.0110230537863,6.78610276909722,0,"0011-11-18","0012-04-06",47,140,0,0,"NISQ","NISQ1","G","X",6.76639089624961,12.0487750631596,1657.70883054146,1038.5244893851,1107.99386836205,157.983705325546,45.4736842105269,133.842105263158
"NISQ-GX-2ALL.csv","2012","0011-11-01","0012-09-15",0,2951,1105.79349368687,159,1306.38349234533,2060.08907788578,12.0327905648845,6.7889157354798,0,"0011-11-18","0012-04-06",50,140,0,0,"NISQ","NISQ2","G","X",6.7904863444333,12.0671098671361,1917.1013609582,1198.70923298927,1112.04278932165,158.108705325546,53.9736842105263,144.842105263158
"NISQ-GX-3ALL.csv","2012","0011-11-01","0012-09-15",0,2951,1164.59681742424,159,1288.33363999369,2463.02739914872,12.4077005886894,6.98539213778409,0,"0011-11-18","0012-03-24",52,127,0,0,"NISQ","NISQ3","G","X",6.96125835456566,12.4027816958554,2692.95295249774,1509.85483002502,1139.19106476357,156.983705325546,48.9736842105265,127.842105263158
"NISQ-GX-4ALL.csv","2012","0011-11-01","0012-09-15",0,2951,1186.82800075758,159,2114.13733672664,3498.02440934502,12.5485084443158,6.90172083570076,0,"0011-11-18","0012-04-06",49,140,0,0,"NISQ","NISQ4","G","X",6.89990921798365,12.4764940950431,3524.04756677352,2212.01070693031,1194.84466294021,157.097891513032,51.9736842105263,134.342105263158
"NISQ-GX-5ALL.csv","2012","0011-11-01","0012-09-15",0,2951,1341.01435429293,164,2712.14341216856,1915.75596187286,13.3177511136207,7.52896152383207,0,"0011-11-18","0012-03-23",50,126,0,0,"NISQ","NISQ5","G","X",7.3457222121387,12.8422630693032,1915.75596187286,1176.64435719486,1281.98009554597,163.341144371836,48.4736842105263,126.842105263158
"NISQ-NC-1ALL.csv","2012","0011-11-01","0012-09-15",1,2951,1104.72213156566,160,507.069025647096,808.565264835859,12.0228059335392,6.85074978377525,0,"0011-11-18","0012-03-23",51,126,0.000338868180277872,0,"NISQ","NISQ1","N","C",6.87003655939325,12.0975259645252,1017.37193802647,597.196308239851,1110.83597924233,160.22905949756,46.9736842105264,126.842105263158
"NISQ-NC-2ALL.csv","2012","0011-11-01","0012-09-15",0,2951,1152.69524267677,161,687.307737452652,1094.17102060983,12.2821789093466,7.04903409169823,0,"0011-11-18","0012-03-22",40,125,0,0,"NISQ","NISQ2","N","C",7.02444467018331,12.2101818461872,1165.69429624821,720.407745192857,1114.88490020192,160.354059497561,37.4736842105263,126.342105263158
"NISQ-NC-3ALL.csv","2012","0011-11-01","0012-09-15",0,2951,1125.84215959596,157,523.042226957071,832.551115453902,12.2523949006191,6.83693969144571,0,"0011-11-18","0012-03-23",47,126,0,0,"NISQ","NISQ3","N","C",6.80412813596268,12.1737882715222,849.986949569834,532.482449229693,1142.03317564384,159.229059497561,45.4736842105264,126.842105263158
"NISQ-NC-4ALL.csv","2012","0011-11-01","0012-09-15",0,2951,1208.81849343434,162,904.521131549874,1463.96434935778,12.588040681977,7.17590870344066,0,"0011-11-18","0012-03-23",46,126,0,0,"NISQ","NISQ4","N","C",7.17198611989013,12.6148778712348,1679.70610968441,1015.47827899946,1197.68677382048,159.343245685046,45.9736842105263,126.842105263158
"NISQ-NC-5ALL.csv","2012","0011-11-01","0012-09-15",1647,2951,1284.82220642624,166,2213.36498641317,3685.21196564402,13.3812882522796,7.78588718417039,0,NA,NA,31.4736842105269,121.342105263158,0.558115892917655,0,"NISQ","NISQ5","N","C",7.78588718417039,13.3812882522796,3685.21196564402,2213.36498641317,1284.82220642624,165.58649854385,31.4736842105269,121.342105263158
"NISQ-NX-1ALL.csv","2012","0011-11-01","0012-09-15",0,2951,1127.04498737374,158,573.385151751894,916.337279919448,12.2588595959596,6.90813563762626,0,"0011-11-18","0012-03-23",43,126,0,0,"NISQ","NISQ1","N","X",6.88778914177746,12.2480116702481,941.870757920623,541.653576771701,1124.39945187668,160.008915855886,43.9736842105264,126.842105263158
"NISQ-NX-2ALL.csv","2012","0011-11-01","0012-09-15",0,2951,1126.35164419192,158,827.697190340909,1297.81548571155,12.2561591560769,6.86836907039141,0,"0011-11-18","0012-03-22",39,125,0,0,"NISQ","NISQ2","N","X",6.84053951493325,12.2195547411386,1276.46969699901,784.878441195586,1128.44837283628,160.133915855886,38.9736842105264,126.342105263158
"NISQ-NX-3ALL.csv","2012","0011-11-01","0012-09-15",0,2951,1185.2482239899,158,1225.70426215278,2216.19597398031,12.5852725896788,6.9962892416351,0,"0011-11-18","0012-03-23",42,126,0,0,"NISQ","NISQ3","N","X",6.95411406022023,12.4956431843381,2202.45655745442,1219.94424308326,1155.5966482782,159.008915855886,45.9736842105264,126.842105263158
"NISQ-NX-4ALL.csv","2012","0011-11-01","0012-09-15",0,2142,1513.68779166667,169,816.157676373106,1161.88154697866,12.7491803797468,8.09452434895833,0,"0011-11-18","0012-03-22",35,125,0,0,"NISQ","NISQ4","N","X",8.09452434895833,12.7491803797468,1161.88154697866,816.157676373107,1211.25024645484,159.123102043372,37.9736842105263,126.342105263158
"NISQ-NX-5ALL.csv","2012","0011-11-01","0012-09-15",0,2951,1206.94013459596,164,857.183111111111,1058.82271172087,12.5690657836224,7.23010536852904,0,"0011-11-19","0012-03-22",34,124,0,0,"NISQ","NISQ5","N","X",7.24270996613295,12.5743364376737,1242.99066970808,866.188747090577,1298.3856790606,165.366354902176,35.4736842105263,125.342105263158
"HIGH-GC-1ALL.csv","2012","0011-11-01","0012-09-15",0,2727,416.729516666667,51,2051.2431171875,2290.7582396244,13.1711669934641,2.08444575520833,0,"0011-11-03","0012-07-25",262,265,0,0,"HIGH","HIGH1","G","C",2.68008305448536,11.5094096553285,2290.7582396244,541.6390081395,528.5165424701,75.2205394321816,267.5,264.441176470588
"HIGH-GC-2ALL.csv","2012","0011-11-01","0012-09-15",0,2726,393.572968181818,48,947.808657433712,2265.83427178023,13.1994368371212,2.12466240056818,0,"0011-11-03","0012-07-27",267,267,0,0,"HIGH","HIGH2","G","C",1.59873722322757,9.8233933856605,2265.83427178023,396.65466241854,300.43025376565,51.9924981928293,269.5,264.941176470588
"HIGH-GC-3ALL.csv","2012","0011-11-01","0012-09-15",0,2719,352.625825,47,489.814653645833,3246.90695035461,12.5026771276596,2.019746328125,0,"0011-11-03","0012-07-29",270,269,0,0,"HIGH","HIGH3","G","C",2.019746328125,12.5026771276596,3246.9069503546,489.814653645833,352.625825,47,274,288.441176470588
"HIGH-GC-4ALL.csv","2012","0011-11-01","0012-09-15",0,2726,381.683968181818,48,2326.18242376894,2798.07965673009,12.9517493371212,2.13238622869318,0,"0011-11-03","0012-09-12",269,314,0,0,"HIGH","HIGH4","G","C",2.10995817246739,10.8070866260643,2798.07965673009,557.188870793627,423.441345640268,62.2364948722264,272,310.941176470588
"HIGH-GC-5ALL.csv","2012","0011-11-01","0012-09-15",0,2725,429.227853535354,59,285.551291035354,1471.70905024825,12.275048365006,2.34214706833965,0,"0011-11-07","0012-07-15",249,251,0,0,"HIGH","HIGH5","G","C",2.34214706833965,12.275048365006,1471.70905024824,285.551291035352,408.623577875594,57.5962886754654,251,279.441176470588
"HIGH-GX-1ALL.csv","2012","0011-11-01","0012-09-15",0,2726,378.844899242424,47,2920.17442992424,3652.10677773656,13.0605297711154,1.90253679450758,0,"0011-11-07","0012-09-12",265,310,0,0,"HIGH","HIGH1","G","X",2.90174280623426,11.6958174833184,3652.10677773656,1202.02272781288,558.563102749947,76.0067003497494,265,310
"HIGH-GX-2ALL.csv","2012","0011-11-01","0012-09-15",0,2726,474.67314469697,49,1253.48405116412,4498.83679155969,14.687207034632,2.34089498342803,0,"0011-11-03","0012-07-27",263,267,0,0,"HIGH","HIGH2","G","X",1.89766630256313,10.3316358550178,4498.83679155969,1253.48405116412,330.476814045496,52.7786591103972,267,264.441176470588
"HIGH-GX-3ALL.csv","2012","0011-11-01","0012-09-15",0,2718,414.178348484848,46,1132.19594878559,4515.99897751557,14.003877140975,2.11860851089015,0,"0011-11-03","0012-07-30",270,270,0,0,"HIGH","HIGH3","G","X",2.05902428311783,12.6497557726656,4515.99897751557,1132.19594878559,382.672385279847,47.7861609175679,273.5,268.941176470588
"HIGH-GX-4ALL.csv","2012","0011-11-01","0012-09-15",0,2726,416.821559090909,49,1360.70282247904,4895.69097216611,13.5065624304267,2.24759588778409,0,"0011-11-03","0012-09-12",269,314,0,0,"HIGH","HIGH4","G","X",2.296408730681,11.6980404925605,4895.69097216611,1360.70282247904,453.487905920115,63.0226557897943,271.5,289.441176470588
"HIGH-GX-5ALL.csv","2012","0011-11-01","0012-09-15",0,2725,807.438183080808,69,1102.24754177347,4443.10958612363,16.702002653345,3.79960604087753,0,"0011-11-03","0012-07-08",246,248,0,0,"HIGH","HIGH5","G","X",2.4197054735917,13.3105577283546,4443.10958612363,1102.24754177347,438.670138155441,58.3824495930333,246,248
"HIGH-NC-1ALL.csv","2012","0011-11-01","0012-09-15",4,2731,566.698941666667,76,533.56215625,2087.38972587719,12.4565650219298,3.12376752604167,4,"0011-11-03","0012-06-20",227,230,0.00146466495789088,0.00146466495789088,"HIGH","HIGH1","N","C",3.12376752604167,12.4565650219298,2087.38972587719,533.562156249999,561.40521363022,78.252054521764,227,230
"HIGH-NC-2ALL.csv","2012","0011-11-01","0012-09-15",4,2731,352.764716666667,57,987.746341145833,2062.46575803301,11.1888546783626,2.17621708333333,4,"0011-11-03","0012-07-18",257,258,0.00146466495789088,0.00146466495789088,"HIGH","HIGH2","N","C",2.04242169478389,10.7705487522617,2062.46575803301,388.577810529039,333.31892492577,55.0240132824118,259.5,255.441176470588
"HIGH-NC-3ALL.csv","2012","0011-11-01","0012-09-15",0,2727,440.003233333333,60,800.688104166667,3043.53843660739,12.3333872222222,2.46430984375,0,"0011-11-03","0012-07-14",253,254,0,0,"HIGH","HIGH3","N","C",2.46343079968132,13.4498324942608,3043.53843660739,481.737801756332,385.51449616012,50.0315150895825,243,240.441176470588
"HIGH-NC-4ALL.csv","2012","0011-11-01","0012-09-15",0,2726,451.293375757576,66,699.023830018939,3281.23334251607,11.8377784205693,2.55746172111742,0,"0011-11-03","0012-07-08",249,248,0,0,"HIGH","HIGH4","N","C",2.55364264402371,11.7542419926655,2594.71114298287,549.112018904126,456.330016800388,65.2680099618088,246,289.441176470588
"HIGH-NC-5ALL.csv","2012","0011-11-01","0012-09-15",0,2726,558.354058333333,67,1914.22825544508,1493.73701636635,13.3336426616915,2.99502830729167,0,"0011-11-03","0012-07-09",250,249,0,0,"HIGH","HIGH5","N","C",2.44976758519483,11.7018553911507,1493.73701636635,388.984061670593,441.512249035714,60.6278037650478,251,245.941176470588
"HIGH-NX-1ALL.csv","2012","0011-11-01","0012-09-15",2,2728,581.411027272727,77,471.825271306818,1866.82872491145,12.5507925619835,3.20232117897727,2,"0011-11-03","0012-06-26",233,236,0.000733137829912023,0.000733137829912023,"HIGH","HIGH1","N","X",3.15579868989012,12.3376884991972,2095.78899705336,520.856588655579,574.968686264579,78.0319108800897,227,227.941176470588
"HIGH-NX-2ALL.csv","2012","0011-11-01","0012-09-15",0,2727,345.5049,59,581.141276041667,3060.16179378531,10.8560152542373,2.18605671875,0,"0011-11-03","0012-07-16",255,256,0,0,"HIGH","HIGH2","N","X",2.151722186219,10.9735068708966,2942.51901087648,572.317912006815,346.882397560129,54.8038696407375,257.5,253.441176470588
"HIGH-NX-3ALL.csv","2012","0011-11-01","0012-09-15",0,2726,506.970287121212,66,1004.43758096591,2959.68119683236,12.681367986685,2.71020141808712,0,"0011-11-03","0012-07-09",250,249,0,0,"HIGH","HIGH3","N","X",2.31308016677369,13.2916267885444,2959.68119683236,451.029809628285,399.077968794479,49.8113714479082,242.5,237.941176470588
"HIGH-NX-4ALL.csv","2012","0011-11-01","0012-09-15",10,2737,443.967283333333,62,569.832825520833,2764.1684811828,12.1607626344086,2.465788515625,10,"0011-11-03","0012-07-12",245,252,0.00365363536719035,0.00365363536719035,"HIGH","HIGH4","N","X",2.55046461433686,12.3399115084393,3339.37319148291,679.53668332174,469.893489434747,65.0478663201346,240,244.441176470588
"HIGH-NX-5ALL.csv","2012","0011-11-01","0012-09-15",0,2725,436.12014520202,53,902.162001262626,3112.18828530574,13.2286819849438,2.29023730271465,0,"0011-11-03","0012-07-21",259,261,0,0,"HIGH","HIGH5","N","X",2.33769740254643,12.4320804037769,3112.18828530574,532.591025140912,455.075721670073,60.4076601233736,257.5,253.941176470588
"PARA-GC-1ALL.csv","2012","0011-11-01","0012-09-15",0,2749,392.970286616162,61,244.566437815657,1198.15426395099,11.4421358461666,2.27821001025884,0,"0011-11-09","0012-07-13",246,247,0,0,"PARA","PARA1","G","C",2.2672882223609,11.4211359892474,1189.89633982779,246.101506720946,406.926983613096,59.0841969779745,246.25,246.35
"PARA-GC-2ALL.csv","2012","0011-11-01","0012-09-15",0,2717,286.989258333333,44,396.966083333333,2795.55289772727,11.5224831439394,1.69788041666667,0,"0011-11-03","0012-07-31",270,271,0,0,"PARA","PARA2","G","C",1.63451306026801,11.2633467325423,2233.40870748221,329.723838612205,295.627694116387,42.0160682790135,274.25,271.35
"PARA-GC-3ALL.csv","2012","0011-11-01","0012-09-15",0,2749,334.034690656566,58,511.603328598485,2745.45047675026,10.7592188044235,2.0960495541351,0,"0011-11-03","0012-07-17",258,257,0,0,"PARA","PARA3","G","C",2.03616589384241,10.6680934857277,2311.02664763473,445.643743969286,358.454600218644,59.9995639600401,259.25,283.85
"PARA-GC-4ALL.csv","2012","0011-11-01","0012-09-15",0,2749,478.279544191919,65,751.862274700126,2364.17976029271,12.3581468337218,2.70664141414141,0,"0011-11-03","0012-07-10",248,250,0,0,"PARA","PARA4","G","C",2.55700591695916,11.6538872308674,2364.17976029271,481.431377757131,420.753309224604,60.3010363735694,249.25,246.85
"PARA-GC-5ALL.csv","2012","0011-11-01","0012-09-15",0,2749,415.499357323232,58,345.20720407197,1807.79276384535,12.1637820228144,2.3906972103851,0,"0011-11-03","0012-07-17",256,257,0,0,"PARA","PARA5","G","C",2.38646622120637,12.1509473943598,2514.35642589479,456.397951873457,422.898754460928,57.534890211517,255.75,253.85
"PARA-GX-1ALL.csv","2012","0011-11-01","0012-09-15",0,2750,466.256888888889,63,1669.16666666667,3597.18006048907,12.4009029982363,2.54788793402778,0,"0011-11-03","0012-07-12",253,252,0,0,"PARA","PARA1","G","X",2.81127814581833,12.2602871540518,3597.18006048907,1129.96018350193,436.973543892943,59.8703578955424,253.25,249.35
"PARA-GX-2ALL.csv","2012","0011-11-01","0012-09-15",0,2717,353.4743,50,1554.98694791667,3502.50073464317,12.069486,1.969010703125,0,"0011-11-03","0012-07-26",266,266,0,0,"PARA","PARA2","G","X",1.67379101526084,11.4104253775483,3502.50073464317,972.105133751961,325.674254396234,42.8022291965814,269.25,265.85
"PARA-GX-3ALL.csv","2012","0011-11-01","0012-09-15",0,2749,304.341008838384,58,603.542082149621,3261.66888714734,10.2472587730756,1.95703466303662,0,"0011-11-03","0012-07-18",259,258,0,0,"PARA","PARA3","G","X",1.91247151526425,10.5063614436231,3225.72150291689,575.182355904671,388.501160498491,60.785724877608,261.75,284.35
"PARA-GX-4ALL.csv","2012","0011-11-01","0012-09-15",0,2749,465.485491161616,63,1117.09206439394,2875.08902971883,12.3886585898669,2.57125973800505,0,"0011-11-03","0012-07-13",254,253,0,0,"PARA","PARA4","G","X",2.80238047246048,12.0255580653988,2875.08902971883,1004.09748595848,450.799869504451,61.0871972911373,255.25,251.35
"PARA-GX-5ALL.csv","2012","0011-11-01","0012-09-15",0,2748,433.347797222222,56,590.554811631944,3214.16387896825,12.7383535218254,2.41455171006944,0,"0011-11-03","0012-07-19",257,259,0,0,"PARA","PARA5","G","X",2.35811317424489,12.6778937878047,3345.2025731027,595.33534773868,452.945314740775,58.3210511290849,260.25,257.85
"PARA-NC-1ALL.csv","2012","0011-11-01","0012-09-15",0,2750,417.247402777778,58,173.977868923611,921.469348659004,12.1939207375479,2.30755047743056,0,"0011-11-03","0012-07-16",255,256,0,0,"PARA","PARA1","N","C",2.32975086462256,12.2237648411025,982.513398721891,187.113931179034,439.815654773217,62.1157120675569,254.25,251.85
"PARA-NC-2ALL.csv","2012","0011-11-01","0012-09-15",0,2718,355.275312878788,49,321.624150094697,1971.96647340754,12.250516589363,1.97026933712121,0,"0011-11-03","0012-07-26",263,266,0,0,"PARA","PARA2","N","C",1.9795667404344,12.3899473790671,1991.70338291925,327.2570222973,328.516365276508,45.0475833685959,266.25,264.35
"PARA-NC-3ALL.csv","2012","0011-11-01","0012-09-15",0,2749,472.622824494949,70,153.965683791035,605.916221139971,11.7517546356421,2.68011273279672,0,"0011-11-03","0012-07-02",237,242,0,0,"PARA","PARA3","N","C",2.69445461787642,11.7903021084007,744.598934003378,182.742891885196,391.343271378764,63.0310790496225,232.75,236.35
"PARA-NC-4ALL.csv","2012","0011-11-01","0012-09-15",0,2749,447.170277777778,58,555.288602430556,2985.25198754789,12.7098323754789,2.41091323784722,0,"0011-11-07","0012-07-16",250,252,0,0,"PARA","PARA4","N","C",2.48937171210638,12.492819988825,2269.63351672944,428.835593975124,453.641980384725,63.3325514631518,248.75,246.85
"PARA-NC-5ALL.csv","2012","0011-11-01","0012-09-15",0,2749,482.955446969697,63,477.711989030934,2357.11301306718,12.6659594757095,2.5761974905303,0,"0011-11-03","0012-07-11",246,251,0,0,"PARA","PARA5","N","C",2.57630805077669,12.8069693341912,2878.72587626328,565.010053257048,455.787425621048,60.5664053010995,240.75,246.35
"PARA-NX-1ALL.csv","2012","0011-11-01","0012-09-15",0,2750,484.531847222222,63,420.861119791667,2074.87447089947,12.69098170194,2.68474053819444,0,"0011-11-03","0012-07-11",249,251,0,0,"PARA","PARA1","N","X",2.68411220017954,12.7576316551844,2036.84785244718,397.88332069221,453.379127407576,61.8955684258827,249.25,246.85
"PARA-NX-2ALL.csv","2012","0011-11-01","0012-09-15",0,2718,391.307029545455,51,886.603560606061,1907.84614314422,12.6726868538324,2.20321936316288,0,"0011-11-07","0012-07-24",258,260,0,0,"PARA","PARA2","N","X",1.82921610752677,12.2317416733506,1907.84614314422,296.549030169253,342.079837910866,44.8274397269217,257.25,258.85
"PARA-NX-3ALL.csv","2012","0011-11-01","0012-09-15",0,2749,438.857141414141,65,308.074818102904,1445.42025835276,11.7516483294483,2.48714627525253,0,"0011-11-03","0012-07-09",250,249,0,0,"PARA","PARA3","N","X",2.48681496977403,11.8513314451435,1466.32025375616,320.244709041131,404.906744013123,62.8109354079483,247.25,244.85
"PARA-NX-4ALL.csv","2012","0011-11-01","0012-09-15",0,2749,437.298647727273,57,231.94050228851,1232.75398945596,12.6719061004785,2.42916126893939,0,"0011-11-07","0012-07-17",250,253,0,0,"PARA","PARA4","N","X",2.54511767970726,12.5592064726339,1427.59351921957,278.412414908666,467.205453019084,63.1124078214776,245.75,246.85
"PARA-NX-5ALL.csv","2012","0011-11-01","0012-09-15",0,2749,486.160127525253,62,420.566113478535,2060.08706419029,12.8412923794396,2.64950365372475,0,"0011-11-03","0012-07-12",248,252,0,0,"PARA","PARA5","N","X",2.64950365372475,12.8412923794396,2060.08706419029,420.566113478537,469.350898255407,60.3462616594252,246.25,247.85
"AE10-GC-1ALL.csv","2012","0011-11-01","0012-09-15",0,2764,423.758633333333,61,498.8171796875,2555.53725409836,11.9468628415301,2.39769416666667,0,"0011-11-03","0012-07-15",254,255,0,0,"AE10","AE101","G","C",2.42059971006689,12.0370419841928,2175.30598261647,432.359751753663,462.329946182063,60.0055483732903,257.825,258.45
"AE10-GC-2ALL.csv","2012","0011-11-01","0012-09-15",0,2815,561.225069444444,70,552.373746527778,2502.22498412698,13.0175009920635,3.01394787326389,0,"0011-11-03","0012-07-07",248,247,0,0,"AE10","AE102","G","C",3.01974128558773,12.8441902748591,2383.80559568147,529.386076650214,594.141733621816,73.5689323375299,247.825,246.45
"AE10-GC-3ALL.csv","2012","0011-11-01","0012-09-15",0,2815,556.338908333333,71,1251.23485763889,3046.26757649043,12.8357592723005,3.01939658854167,0,"0011-11-03","0012-07-06",243,246,0,0,"AE10","AE103","G","C",2.70260344627313,11.9965366179958,3046.26757649043,655.091555323388,543.166291837778,69.3650672837085,243.325,245.95
"AE10-GC-4ALL.csv","2012","0011-11-01","0012-09-15",0,2816,586.321891666667,72,923.934442708333,3237.68547222946,13.1433596064815,3.08612934895833,0,"0011-11-03","0012-07-04",241,244,0,0,"AE10","AE104","G","C",2.88430085766611,12.9225428612906,3237.68547222946,689.475002681173,565.700441631946,66.4751391045456,240.325,242.45
"AE10-GC-5ALL.csv","2012","0011-11-01","0012-09-15",0,2815,603.066869444444,73,782.109417534722,3369.07587138508,13.2611899923896,3.21102459201389,0,"0011-11-03","0012-07-03",239,243,0,0,"AE10","AE105","G","C",3.21102459201389,13.2611899923896,3369.07587138508,782.109417534725,597.764591511086,78.6500927363637,239.825,242.95
"AE10-GX-1ALL.csv","2012","0011-11-01","0012-09-15",0,2764,527.029925,63,1824.38749739583,3444.39800977744,13.3655543650794,2.884284140625,0,"0011-11-03","0012-07-14",255,254,0,0,"AE10","AE101","G","X",2.45987766505972,12.1841206291988,3444.39800977744,1074.74104689342,492.37650646191,60.7917092908581,257.825,256.45
"AE10-GX-2ALL.csv","2012","0011-11-01","0012-09-15",0,2815,641.106625,72,1534.04634027778,3184.69529731458,13.9042586805556,3.3142328125,0,"0011-11-03","0012-07-05",245,245,0,0,"AE10","AE102","G","X",3.21866599497773,12.7529266590066,3184.69529731458,1079.93455031186,624.188293901663,74.3550932550978,243.325,243.95
"AE10-GX-3ALL.csv","2012","0011-11-01","0012-09-15",0,2815,551.808588888889,69,1187.98643489583,4163.93074994741,12.9972259259259,2.98799324652778,0,"0011-11-03","0012-07-07",246,247,0,0,"AE10","AE103","G","X",2.87788369293262,12.564608214497,4163.93074994741,1265.38881735218,573.212852117625,70.1512282012764,245.825,247.45
"AE10-GX-4ALL.csv","2012","0011-11-01","0012-09-15",0,2815,681.428911111111,71,1542.63359895833,4506.77749939043,14.5975902973396,3.40912862847222,0,"0011-11-03","0012-07-06",245,246,0,0,"AE10","AE104","G","X",2.92357881265893,13.0696215062966,4506.77749939043,1331.85629782093,595.747001911793,67.2613000221135,242.825,244.45
"AE10-GX-5ALL.csv","2012","0011-11-01","0012-09-15",0,2815,626.592155555556,73,1695.09662413194,4638.16789854605,13.5834541856925,3.39042431423611,0,"0011-11-03","0012-07-04",244,244,0,0,"AE10","AE105","G","X",3.25030254700672,13.4082686373956,4638.16789854605,1424.49071267448,627.811151790933,79.4362536539316,241.325,242.95
"AE10-NC-1ALL.csv","2012","0011-11-01","0012-09-15",0,2764,531.740741666667,68,493.849421875,2294.73275735294,12.8197167892157,2.87899645833333,0,"0011-11-03","0012-07-08",246,248,0,0,"AE10","AE101","N","C",2.86428418162321,12.984197350794,1971.93746886926,424.282899864162,495.218617342184,63.0370634628727,248.325,249.95
"AE10-NC-2ALL.csv","2012","0011-11-01","0012-09-15",0,2815,672.455761111111,76,805.192411458333,3288.38038377193,13.848102119883,3.47509886284722,0,"0011-11-03","0012-06-28",234,238,0,0,"AE10","AE102","N","C",3.40529078342353,13.6144967527758,3431.98025744004,835.736330728886,627.030404781936,76.6004474271124,234.825,238.45
"AE10-NC-3ALL.csv","2012","0011-11-01","0012-09-15",0,2815,575.343930555556,72,770.038395833333,3376.21613425926,12.9908879243827,3.11987361111111,0,"0011-11-03","0012-07-03",240,243,0,0,"AE10","AE103","N","C",3.14628791782945,12.9436919845971,2842.89906274322,647.014703433887,576.054962997898,72.3965823732909,239.325,242.45
"AE10-NC-4ALL.csv","2012","0011-11-01","0012-09-15",0,2816,674.258866666667,71,2989.65278645833,3034.31695848225,14.4966037558685,3.31252848958333,0,"0011-11-03","0012-07-06",246,246,0,0,"AE10","AE104","N","C",3.32798532922242,13.8696982278918,3034.31695848225,681.398150791672,598.589112792066,69.5066541941281,245.325,244.45
"AE10-NC-5ALL.csv","2012","0011-11-01","0012-09-15",0,2815,678.484344444444,77,1140.024984375,1686.5084546254,13.811484992785,3.56401552951389,0,"0011-11-03","0012-06-28",236,238,0,0,"AE10","AE105","N","C",3.68727442754963,12.9313892001539,1686.5084546254,462.536904373465,630.653262671207,81.6816078259462,234.325,236.95
"AE10-NX-1ALL.csv","2012","0011-11-01","0012-09-15",0,2764,507.4286,66,387.697598958333,1854.22244949495,12.6883121212121,2.707407734375,0,"0011-11-03","0012-07-10",249,250,0,0,"AE10","AE101","N","X",2.71393354871559,12.8259916450776,1888.08022909423,393.574907736116,508.782089976543,62.8169198211984,250.325,251.45
"AE10-NX-2ALL.csv","2012","0011-11-01","0012-09-15",0,2815,663.039869444444,79,1005.95451649306,2879.92069213715,13.3929097398031,3.44283201388889,0,"0011-11-03","0012-06-26",233,236,0,0,"AE10","AE102","N","X",3.41458690491309,13.2179487862008,2879.92069213715,713.195517122724,640.593877416295,76.3803037854381,231.825,234.95
"AE10-NX-3ALL.csv","2012","0011-11-01","0012-09-15",0,2815,585.783913888889,71,554.209912326389,2460.60911189358,13.2504776604069,3.10626613715278,0,"0011-11-03","0012-07-06",244,246,0,0,"AE10","AE103","N","X",3.13193957658849,13.2064792303758,2607.61296926421,584.222678194875,589.618435632257,72.1764387316167,241.825,244.45
"AE10-NX-4ALL.csv","2012","0011-11-01","0012-09-15",0,2816,608.152,70,466.657817708333,2095.25395238095,13.6878857142857,3.17648203125,0,"0011-11-03","0012-07-06",247,246,0,0,"AE10","AE104","N","X",3.1776346963148,13.7114925221754,2950.45971870722,650.690158663626,612.152585426425,69.2865105524538,246.825,245.95
"AE10-NX-5ALL.csv","2012","0011-11-01","0012-09-15",0,2815,638.354583333333,83,400.259934895833,1427.55547188755,12.6910190763052,3.54086861979167,0,"0011-11-03","0012-06-16",221,226,0,0,"AE10","AE105","N","X",3.53692379464201,12.7731834944375,1602.65121485037,431.828912245418,644.216735305565,81.4614641842719,222.825,227.45
"AM16-GC-1ALL.csv","2012","0011-11-01","0012-09-15",0,2815,631.609788888889,89,750.235329861111,2665.90905118602,12.0967392009988,3.47430324652778,0,"0011-11-01","0012-06-16",227,228,0,0,"AM16","AM161","G","C",3.46017102234894,11.9862267464805,2474.52955675681,709.44165978051,613.066453255827,90.9021105569263,224.825,226.625
"AM16-GC-2ALL.csv","2012","0011-11-01","0012-09-15",0,2815,673.210352777778,83,1090.74489149306,2312.11195877144,13.1109681057564,3.58636946180556,0,"0011-11-03","0012-06-21",230,231,0,0,"AM16","AM162","G","C",3.58746862313204,12.3037860654665,2312.11195877144,693.771454692295,673.097114093116,95.3140500885994,225.325,228.125
"AM16-GC-3ALL.csv","2012","0011-11-01","0012-09-15",0,2816,684.177316666667,91,680.837674479167,2372.72987179487,12.5184320512821,3.71132950520833,0,"0011-11-03","0012-06-15",221,225,0,0,"AM16","AM163","G","C",3.70339679248069,12.3605206307013,2275.69422557857,668.965267782078,682.127294264676,91.1894661421522,219.825,224.125
"AM16-GC-4ALL.csv","2012","0011-11-01","0012-09-15",0,2815,693.139755555556,98,453.944821180556,1388.17964569161,12.0728546485261,3.89604064236111,0,"0011-11-03","0012-06-02",208,212,0,0,"AM16","AM164","G","C",3.88650136790639,12.0676498014407,1613.08054266701,518.046335425011,686.148336562811,99.5268616321988,208.825,213.625
"AM16-GC-5ALL.csv","2012","0011-11-01","0012-09-15",0,2816,633.539383333333,84,892.42009375,3357.95303571429,12.542135515873,3.41164143229167,0,"0011-11-03","0012-06-22",233,232,0,0,"AM16","AM165","G","C",3.38363791203454,12.2610726101142,2757.66659287778,760.417855271377,622.435660507023,88.0057600770934,230.325,230.625
"AM16-GX-1ALL.csv","2012","0011-11-01","0012-09-15",0,2432,622.680875,90,645.423478422619,2257.85292328042,11.9186763888889,3.4864859375,0,"0011-11-01","0012-06-16",227,228,0,0,"AM16","AM161","G","X",3.49477051090963,11.8866133425623,2416.93569184953,713.667751945587,643.113013535674,91.6882714744941,224.325,226.625
"AM16-GX-2ALL.csv","2012","0011-11-01","0012-09-15",0,2815,692.608544444444,90,975.948594618056,3422.55819753086,12.6956504938272,3.69337279513889,0,"0011-11-03","0012-06-16",227,226,0,0,"AM16","AM162","G","X",3.69337279513889,12.6956504938272,3422.55819753086,975.948594618058,703.143674372963,96.1002110061672,224.825,224.625
"AM16-GX-3ALL.csv","2012","0011-11-01","0012-09-15",0,2816,767.667425,91,1071.8873828125,3459.32846362153,13.4359057692308,3.98337046875,0,"0011-11-03","0012-06-15",226,225,0,0,"AM16","AM163","G","X",3.87766812084893,12.7603729636146,3459.32846362153,1054.15478345942,712.173854544523,91.9756270597201,223.325,223.625
"AM16-GX-4ALL.csv","2012","0011-11-01","0012-09-15",0,2815,730.9907,100,842.7067421875,2542.6562,12.309907,4.067496328125,0,"0011-11-01","0012-05-31",209,212,0,0,"AM16","AM164","G","X",4.02983527243218,12.2536577180781,2775.65378223352,919.446117846293,716.194896842658,100.313022549767,207.825,211.625
"AM16-GX-5ALL.csv","2012","0011-11-01","0012-09-15",0,2815,660.496536111111,83,1185.52616579861,3092.40454607303,12.9577895917001,3.47936144097222,0,"0011-11-01","0012-06-23",235,235,0,0,"AM16","AM165","G","X",3.38386308279718,12.2457776924506,3092.40454607303,874.394017097167,652.48222078687,88.7919209946613,232.325,233.125
"AM16-NC-1ALL.csv","2012","0011-11-01","0012-09-15",0,2815,657.591430555556,97,556.032715277778,1617.05805555556,11.7792930985109,3.80919197048611,0,"0011-11-03","0012-06-01",206,211,0,0,"AM16","AM161","N","C",3.8245747602794,11.8161058319887,1629.19545703819,531.066914893714,645.955124415947,93.9336256465087,208.825,214.125
"AM16-NC-2ALL.csv","2012","0011-11-01","0012-09-15",0,2816,714.169125,101,434.230583333333,1254.61917491749,12.0709814356436,4.041148828125,0,"0011-11-03","0012-05-29",204,208,0,0,"AM16","AM162","N","C",4.00132124845957,12.1595419389608,1419.84039839893,461.344199378112,705.985785253236,98.3455651781818,206.325,210.125
"AM16-NC-3ALL.csv","2012","0011-11-01","0012-09-15",0,2816,760.181541666667,96,1906.41503385417,2023.69199931183,12.9185577256944,4.01484778645833,0,"0011-11-03","0012-06-10",215,220,0,0,"AM16","AM163","N","C",3.96053085346599,12.5233490718769,2023.69199931183,879.134755114076,715.015965424796,94.2209812317346,214.825,219.125
"AM16-NC-4ALL.csv","2012","0011-11-01","0012-08-28",0,2669,634.904002380952,78,1954.21311888994,2121.06025395408,13.1397949023199,3.54130381583097,0,"0011-11-03","0012-06-10",215,220,0,0,"AM16","AM164","N","C",4.15260709354228,12.248323569514,2121.06025395408,926.450399162564,719.037007722932,102.558376721781,214.825,219.125
"AM16-NC-5ALL.csv","2012","0011-11-01","0012-09-15",0,2815,710.8419,102,1158.88428993056,3306.39217791088,11.9690382352941,4.023255546875,0,"0011-11-03","0012-05-25",198,204,0,0,"AM16","AM165","N","C",4.02359282404528,12.147691234958,3306.39217791088,1081.58926443354,655.324331667143,91.0372751666758,199.825,203.125
"AM16-NX-1ALL.csv","2012","0011-11-01","0012-09-15",0,2815,682.592575,97,596.530388888889,1796.71120561283,12.0370368556701,3.89449984375,0,"0011-11-03","0012-06-02",209,212,0,0,"AM16","AM161","N","X",3.88495344957496,11.9900577666112,1888.35289171594,612.149513495313,659.518597050306,93.7134820048344,210.825,213.625
"AM16-NX-2ALL.csv","2012","0011-11-01","0012-09-15",0,2816,717.104116666667,103,549.295697916667,1445.37971682848,11.9621758899676,4.17323747395833,0,"0011-11-01","0012-05-14",188,195,0,0,"AM16","AM162","N","X",4.17423561703833,12.0847230025104,1624.68415816388,582.637772651514,719.549257887595,98.1254215365075,190.325,193.625
"AM16-NX-3ALL.csv","2012","0011-11-01","0012-09-15",0,2815,733.685055555556,97,726.210797743056,2279.7843327606,12.5637634593356,3.93975564236111,0,"0011-11-03","0012-06-05",210,215,0,0,"AM16","AM163","N","X",3.94517359393379,12.6179170540677,1854.3769704188,591.234983523613,728.579438059155,94.0008375900604,210.825,215.125
"AM16-NX-4ALL.csv","2012","0011-11-01","0012-09-15",0,2815,726.919758333333,105,637.505356770833,1789.94834920635,11.9230453174603,4.16023322916667,0,"0011-11-03","0012-05-24",197,203,0,0,"AM16","AM164","N","X",4.10631241016762,12.1290471354289,1930.6842265846,654.760894316042,732.60048035729,102.338233080107,201.825,207.125
"AM16-NX-5ALL.csv","2012","0011-11-01","0012-08-28",0,2667,606.497391666667,87,587.627604856512,1855.24596743295,11.9712343869732,3.71143134657837,0,"0011-11-03","0012-05-24",197,203,0,0,"AM16","AM165","N","X",3.88191146887347,12.1531416701853,1963.3330356979,629.822018358879,668.887804301502,90.8171315250016,201.825,207.125
"AV06-GC-1ALL.csv","2012","0011-11-01","0012-09-15",0,2925,812.733585606061,116,902.289446732955,2272.84057144723,12.0063240138454,4.62955026751894,0,"0011-11-03","0012-05-14",189,193,0,0,"AV06","AV061","G","C",4.61525141197088,12.0611136188803,2155.39450283335,850.335284971197,788.39331590422,115.195272979382,188.6,192.225
"AV06-GC-2ALL.csv","2012","0011-11-01","0012-09-15",0,2925,768.40834469697,115,469.310471117424,1148.00884716733,11.6818116930171,4.49992855113636,0,"0011-11-03","0012-05-13",187,192,0,0,"AV06","AV062","G","C",4.51067204921338,11.7295497052031,1188.81295694914,474.760863373478,766.153517997373,112.572593742263,185.6,190.225
"AV06-GC-3ALL.csv","2012","0011-11-01","0012-09-15",0,2925,821.753608333333,112,1029.72927651515,2681.74216653139,12.3370857886905,4.59081140625,0,"0011-11-03","0012-05-20",197,199,0,0,"AV06","AV063","G","C",4.4939634158874,12.0384826469144,2168.47284997635,835.684227640072,775.767734991012,110.373180718241,193.6,196.225
"AV06-GC-4ALL.csv","2012","0011-11-01","0012-09-15",0,2926,820.656133333333,108,1291.56092708333,1876.61193832364,12.5986679012346,4.54591486979167,0,"0011-11-03","0012-05-22",198,201,0,0,"AV06","AV064","G","C",4.45213245748828,12.1707264212076,1876.61193832364,706.559844670627,783.133320458069,112.388672112237,196.1,202.725
"AV06-GC-5ALL.csv","2012","0011-11-01","0012-09-15",0,2925,856.663483333333,114,1210.34271306818,3236.29701621478,12.5145919590643,4.73325268229167,0,"0011-11-03","0012-05-15",188,194,0,0,"AV06","AV065","G","C",4.6380654466023,12.4122200244294,2599.47127795534,976.605090893759,766.931290196539,107.157226760198,190.1,198.225
"AV06-GX-1ALL.csv","2012","0011-11-01","0012-09-15",0,2925,863.635373484849,117,1482.46178267045,2487.06803691068,12.3814989186739,4.72256275568182,0,"0011-11-03","0012-05-14",189,193,0,0,"AV06","AV061","G","X",4.65395559295251,12.2857427814916,2487.06803691068,980.570818034402,818.439876184066,115.98143389695,187.1,190.725
"AV06-GX-2ALL.csv","2012","0011-11-01","0012-09-15",0,2925,849.797426515152,116,855.827709043561,2101.91135253396,12.3258398837513,4.72718818181818,0,"0011-11-03","0012-05-14",189,193,0,0,"AV06","AV062","G","X",4.69652390412811,12.2224510024036,2715.04789631546,1075.07926011432,796.20007827722,113.358754659831,187.6,191.225
"AV06-GX-3ALL.csv","2012","0011-11-01","0012-09-15",0,2925,820.01834469697,112,885.04916500947,2356.58437026515,12.3215923633658,4.58863323863636,0,"0011-11-03","0012-05-19",194,198,0,0,"AV06","AV063","G","X",4.54458975826019,12.2034527412658,2424.38220771621,948.426884977035,805.814295270858,111.159341635809,192.6,199.725
"AV06-GX-4ALL.csv","2012","0011-11-01","0012-09-15",0,2820,926.805765151515,106,2840.80571851326,3326.89328506675,13.7434506146369,4.72781957859848,0,"0011-11-03","0012-05-29",206,208,0,0,"AV06","AV064","G","X",4.84339056859057,12.4651988276787,3326.89328506675,1439.03017700543,813.179880737916,113.174833029805,202.1,207.725
"AV06-GX-5ALL.csv","2012","0011-11-01","0012-09-15",0,2925,987.687718939394,119,2860.96407102273,4227.97933461641,13.29989679781,5.13580641335227,0,"0011-11-07","0012-05-13",185,188,0,0,"AV06","AV065","G","X",5.0200496441122,12.9796638981472,4227.97933461641,1750.32487331294,796.977850476385,107.943387677766,183.1,187.225
"AV06-NC-1ALL.csv","2012","0011-11-01","0012-09-15",0,2925,796.26105530303,117,275.279144886364,698.060695415695,11.805650045325,4.58443207386364,0,"0011-11-03","0012-05-12",186,191,0,0,"AV06","AV061","N","C",4.58891476948113,11.9050467250594,823.869185403384,323.08793009052,821.28198706434,118.226788068964,184.6,190.225
"AV06-NC-2ALL.csv","2012","0011-11-01","0012-09-15",0,2925,774.55298030303,109,352.012216619318,946.577914234084,12.1059906449819,4.37743782907197,0,"0011-11-03","0012-05-17",192,196,0,0,"AV06","AV062","N","C",4.3840626927474,12.0103088956069,1080.45171328654,408.382568316206,799.042189157493,115.604108831846,190.6,194.725
"AV06-NC-3ALL.csv","2012","0011-11-01","0012-09-15",0,2925,819.299420454545,112,1390.98588920455,2841.34113516986,12.3151733969156,4.59993660037879,0,"0011-11-03","0012-05-15",188,194,0,0,"AV06","AV063","N","C",4.51299749554003,12.2774931326772,2841.34113516986,1043.53190403136,808.656406151132,113.404695807824,190.6,195.725
"AV06-NC-4ALL.csv","2012","0011-11-01","0012-09-15",0,2925,810.245384090909,116,532.291334043561,1337.0526384535,11.9848740007837,4.55329833570076,0,"0011-11-03","0012-05-11",183,190,0,0,"AV06","AV064","N","C",4.55550315154124,12.1120742992573,1371.86636307905,536.720483953746,816.021991618189,115.42018720182,184.6,190.225
"AV06-NC-5ALL.csv","2012","0011-11-01","0012-08-28",0,2779,671.836961111111,98,502.003072111847,1391.52864229025,11.8554791950113,4.06836769683591,0,"0011-11-03","0012-05-11",183,190,0,0,"AV06","AV065","N","C",4.31303783210882,12.0473768963711,1399.10436499743,521.576352987889,799.819961356659,110.18874184978,184.6,190.225
"AV06-NX-1ALL.csv","2012","0011-11-01","0012-09-15",0,2925,821.966434848485,120,366.337845880682,821.518387626263,11.849720290404,4.71472128077651,0,"0011-11-03","0012-05-05",171,184,0,0,"AV06","AV061","N","X",4.72133794599693,11.937213976054,910.493444589966,384.504110876871,834.845459698699,118.00664442729,174.1,183.225
"AV06-NX-2ALL.csv","2012","0011-11-01","0012-09-15",0,2925,792.669847727273,115,367.557547348485,905.36382740448,11.892781284585,4.52493780539773,0,"0011-11-03","0012-05-10",182,189,0,0,"AV06","AV062","N","X",4.53580516568958,11.9385729042656,1100.48636505742,442.765434974548,812.605661791852,115.383965190171,181.6,187.225
"AV06-NX-3ALL.csv","2012","0011-11-01","0012-09-15",0,2924,815.148212121212,113,842.829333175505,2222.90497005453,12.2137009922231,4.58884415246212,0,"0011-11-07","0012-05-15",187,190,0,0,"AV06","AV063","N","X",4.58072148229635,12.2245657888042,2084.71028117992,792.601872789124,822.219878785491,113.184552166149,186.6,191.225
"AV06-NX-4ALL.csv","2012","0011-11-01","0012-09-15",0,2925,835.648695454545,118,598.075230113636,1444.54056047766,12.081768605547,4.74852769412879,0,"0011-11-03","0012-05-05",165,184,0,0,"AV06","AV064","N","X",4.75713267474308,12.101262355006,1469.19844288617,596.101529020747,829.585464252548,115.200043560145,172.6,185.225
"AV06-NX-5ALL.csv","2012","0011-11-01","0012-09-15",0,2925,800.361896212121,110,599.904237452652,1601.49304683196,12.276017238292,4.51104394649621,0,"0011-11-07","0012-05-16",185,191,0,0,"AV06","AV065","N","X",4.50539344171827,12.3095364193665,1674.6631547225,622.206848139265,813.383433991018,109.968598208106,187.6,193.725
"TO04-GC-1ALL.csv","2012","0011-11-01","0012-09-15",0,2923,1034.30445833333,152,543.183953993056,908.728965643275,11.8897472222222,6.27017604166667,0,"0011-11-18","0012-04-05",69,139,0,0,"TO04","TO041","G","C",6.43554569547113,11.8812195082183,843.724741316994,479.242178965592,1035.21209573808,149.37637115417,67.4249999999998,137.025
"TO04-GC-2ALL.csv","2012","0011-11-01","0012-09-15",0,2923,1229.790625,156,1821.43319444444,3341.65495014245,12.9786209415584,6.8843171875,0,"0011-11-18","0012-04-05",54,139,0,0,"TO04","TO042","G","C",6.90562421359327,12.9590659476682,3231.48584903095,1820.99872727347,1097.60748527767,149.731438001065,48.9249999999998,130.525
"TO04-GC-3ALL.csv","2012","0011-11-01","0012-09-15",0,2924,1117.10326666667,152,957.106393229167,1726.63492324561,12.4425251111111,6.45486294270833,0,"0011-11-18","0012-04-06",75,140,0,0,"TO04","TO043","G","C",6.52020117726358,12.494910911499,2106.04477829017,1164.49941318168,1033.13342847818,142.666738136235,76.9249999999998,141.025
"TO04-GC-4ALL.csv","2012","0011-11-01","0012-09-15",0,2923,1038.05827777778,151,784.762699652778,1282.03982707873,11.9635052199851,6.21884266493056,0,"0011-11-18","0012-04-05",73,139,0,0,"TO04","TO044","G","C",6.27622307864036,12.0174213955143,1277.4615521116,790.008618766533,1039.87196177544,147.791738136235,75.4249999999998,140.525
"TO04-GC-5ALL.csv","2012","0011-11-01","0012-09-15",0,2924,1108.9049,152,1024.21404947917,1765.45317982456,12.3415837748344,6.5577465625,0,"0011-11-18","0012-03-24",65,127,0,0,"TO04","TO045","G","C",6.63280809543394,12.4789473875426,1675.79579808832,962.783230928934,1120.59677198619,150.067438001065,63.4249999999998,124.525
"TO04-GX-1ALL.csv","2012","0011-11-01","0012-09-15",0,2923,1202.73509722222,154,2668.34952690972,3185.46818996409,12.9088476790936,6.73157686631944,0,"0011-11-18","0012-04-05",53,139,0,0,"TO04","TO041","G","X",6.66291260761665,12.4247759415922,3185.46818996409,1653.43028460169,1065.25865601792,150.162532071738,61.9249999999998,132.025
"TO04-GX-2ALL.csv","2012","0011-11-01","0012-09-15",0,2923,1139.62513888889,153,1952.46035590278,2988.20945241828,12.5443444628403,6.52808988715278,0,"0011-11-18","0012-04-05",63,139,0,0,"TO04","TO042","G","X",6.65740549387223,12.529079378622,2988.20945241828,1750.77742220297,1127.65404555752,150.517598918632,61.4249999999998,140.525
"TO04-GX-3ALL.csv","2012","0011-11-01","0012-09-15",0,2924,1110.32265833333,152,863.777338541667,1523.81553179825,12.3986918888889,6.43635908854167,0,"0011-11-18","0012-04-05",74,139,0,0,"TO04","TO043","G","X",6.45385855452506,12.3644146172572,1398.30044251626,818.752532579319,1063.17998875803,143.452899053803,73.9249999999998,137.525
"TO04-GX-4ALL.csv","2012","0011-11-01","0012-09-15",0,2923,1098.57022222222,152,1024.94223958333,1717.9998629386,12.3192989814815,6.39718780381944,0,"0011-11-18","0012-04-07",78,141,0,0,"TO04","TO044","G","X",6.45302544641052,12.3608985307851,1723.89488007099,1041.8847429936,1069.91852205529,148.577899053803,79.9249999999998,141.525
"TO04-GX-5ALL.csv","2012","0011-11-01","0012-09-15",0,2924,1214.23256666667,153,1923.52210416667,3483.92286492375,12.9863228070175,6.87707598958333,0,"0011-11-18","0012-03-25",65,128,0,0,"TO04","TO045","G","X",6.87707598958333,12.9863228070175,3483.92286492375,1923.52210416667,1150.64333226603,150.853598918632,62.9249999999998,131.525
"TO04-NC-1ALL.csv","2012","0011-11-01","0012-09-15",0,3060,1061.73266468254,152,550.929587673611,875.99699378655,12.0748977645503,6.44588293650794,0,"0011-11-18","0012-03-22",50,125,0,0,"TO04","TO041","N","C",6.52678255613376,12.1263699482833,860.342866117307,535.460414375123,1068.1007668982,152.407886243752,47.9249999999998,118.525
"TO04-NC-2ALL.csv","2012","0011-11-01","0012-09-15",0,2923,1054.18568055556,149,396.583828125,693.089513422819,12.16550718065,6.44001853298611,0,"0011-11-18","0012-04-05",54,139,0,0,"TO04","TO042","N","C",6.49568712758442,12.1732220826607,780.311175901334,436.126776990469,1130.49615643779,152.762953090647,53.9249999999998,140.525
"TO04-NC-3ALL.csv","2012","0011-11-01","0012-09-15",0,2924,1045.91033333333,148,582.779651041667,1016.19164414414,12.113772675737,6.22038385416667,0,"0011-11-18","0012-04-06",81,140,0,0,"TO04","TO043","N","C",6.2795795142021,12.131635856435,884.054840055972,527.236073532515,1066.0220996383,145.698253225818,76.9249999999998,137.525
"TO04-NC-4ALL.csv","2012","0011-11-01","0012-09-15",0,3060,1054.01411309524,150,378.302044270833,606.385361111111,12.1152566763192,6.28469879092262,0,"0011-11-18","0012-04-06",68,140,0,0,"TO04","TO044","N","C",6.32568832961203,12.1893509043451,633.510360701621,357.028098914221,1072.76063293556,150.823253225818,64.9249999999998,137.525
"TO04-NC-5ALL.csv","2012","0011-11-01","0012-09-15",0,3061,1119.40813928571,153,691.485098958333,1038.68100762527,12.4076308893094,6.59604887276786,0,"0011-11-18","0012-04-05",64,139,0,0,"TO04","TO045","N","C",6.67898108881333,12.4959688403229,1150.16116873171,730.395347788343,1153.48544314631,153.098953090647,62.9249999999998,136.525
"TO04-NX-1ALL.csv","2012","0011-11-01","0012-09-15",0,2923,1105.96344444444,151,1175.30204861111,2166.22760301692,12.4174299962714,6.55735373263889,0,"0011-11-18","0012-04-05",58,139,0,0,"TO04","TO041","N","X",6.56452088037885,12.3646420309347,1849.13704782841,1036.55923274342,1081.66423953256,152.187742602078,52.4249999999998,136.525
"TO04-NX-2ALL.csv","2012","0011-11-01","0012-09-15",0,2923,1082.22225,151,647.048532986111,1139.30442420898,12.2599840604027,6.4788828125,0,"0011-11-18","0012-04-05",56,139,0,0,"TO04","TO042","N","X",6.52316216688475,12.3423821856726,1184.13129019285,669.185602784799,1144.05962907215,152.542809448973,48.4249999999998,136.525
"TO04-NX-3ALL.csv","2012","0011-11-01","0012-09-15",0,1878,939.362125,112,562.401425438596,823.091815476191,13.5352784090909,8.30718289473684,0,"0011-11-18","0012-01-19",20,62,0,0,"TO04","TO043","N","X",7.33180029019494,12.8806805564453,909.507213259535,567.421287976032,1079.58557227266,145.478109584144,45.4249999999998,99.025
"TO04-NX-4ALL.csv","2012","0011-11-01","0012-09-15",0,2923,1094.53293055556,151,571.006571180556,971.482385945548,12.3388543997017,6.42308767361111,0,"0011-11-18","0012-04-06",63,140,0,0,"TO04","TO044","N","X",6.47680891250879,12.3694183733145,1050.00864751623,609.742120740468,1086.32410556992,150.603109584144,66.4249999999998,137.525
"TO04-NX-5ALL.csv","2012","0011-11-01","0012-09-15",0,2924,1151.09249166667,154,990.110677083333,1566.43363095238,12.5660237938596,6.64088513020833,0,"0011-11-18","0012-03-23",56,126,0,0,"TO04","TO045","N","X",6.73362039506228,12.6980599090753,1605.33896863115,1018.04493375828,1167.04891578067,152.878809448973,47.4249999999998,122.025
