"filesname","year","yrstartdate","yrenddate","cumna.temp","cumnumrows","GDD_total","GDD_totaln","Light_Mean","Light_GDD","GST_Mean","MAT","cumna.light","snowapdate","snowdidate","snow_dur","snow_dur_cont","temppropna","lightpropna","stand","block","canopy","understory"
"NISQ-GC-1ALL.csv",2011,"0010-11-01","0011-10-31",0,3570,1131.88333333333,197,388.217865296804,540.349576988156,10.9350842342342,6.62290742009132,0,"0010-11-18","0011-04-07",55,140,0,0,"NISQ","NISQ1","G","C"
"NISQ-GC-2ALL.csv",2011,"0010-11-01","0011-10-31",0,3569,1146.24626388889,195,1151.50712328767,1592.52903846154,11.0818019884639,6.67043554033486,0,"0010-11-18","0011-04-28",58,161,0,0,"NISQ","NISQ2","G","C"
"NISQ-GC-3ALL.csv",2011,"0010-11-01","0011-10-31",0,3570,1152.29396666667,194,548.149842465753,918.004579037801,11.1514689102564,6.72664694063927,0,"0010-11-18","0011-04-07",66,140,0,0,"NISQ","NISQ3","G","C"
"NISQ-GC-4ALL.csv",2011,"0010-11-01","0011-10-31",0,3570,1152.29396666667,194,548.149842465753,918.004579037801,11.1514689102564,6.72664694063927,0,"0010-11-18","0011-04-07",66,140,0,0,"NISQ","NISQ4","G","C"
"NISQ-GC-5ALL.csv",2011,"0010-11-01","0011-10-31",0,3569,1479.79541666667,205,1805.49725266362,2747.06858401084,12.4879302677029,7.69146141552511,0,"0010-11-18","0011-04-06",59,139,0,0,"NISQ","NISQ5","G","C"
"NISQ-GX-1ALL.csv",2011,"0010-11-01","0011-10-31",0,3569,1193.02723611111,198,999.492324961948,1399.71657547699,11.230526807049,6.73886959665145,0,"0010-11-18","0011-04-06",52,139,0,0,"NISQ","NISQ1","G","X"
"NISQ-GX-2ALL.csv",2011,"0010-11-01","0011-10-31",0,3569,1189.20734722222,197,1045.80091704718,1516.15423716864,11.2454289039039,6.78424752663622,0,"0010-11-18","0011-04-28",66,161,0,0,"NISQ","NISQ2","G","X"
"NISQ-GX-3ALL.csv",2011,"0010-11-01","0011-10-31",0,3569,1243.27331944444,197,1686.14196347032,2664.91909898477,11.5418625375375,6.92931514459665,0,"0010-11-18","0011-04-07",54,140,0,0,"NISQ","NISQ3","G","X"
"NISQ-GX-4ALL.csv",2011,"0010-11-01","0011-10-31",0,3570,1250.60455833333,198,2264.65002054795,3292.11131734007,11.5484794802867,6.89028817351598,0,"0010-11-18","0011-04-07",63,140,0,0,"NISQ","NISQ4","G","X"
"NISQ-GX-5ALL.csv",2011,"0010-11-01","0011-10-31",0,3569,1376.36933333333,204,1131.41030060883,1657.79655501089,11.9862628038194,7.33791278538813,0,"0010-11-18","0011-04-06",55,139,0,0,"NISQ","NISQ5","G","X"
"NISQ-NC-1ALL.csv",2011,"0010-11-01","0011-10-31",13,3570,1216.21557651515,199,642.089534246575,968.219204355109,11.3162457300275,6.88151390826069,0,"0010-11-18","0011-04-06",51,139,0.00364145658263305,0,"NISQ","NISQ1","N","C"
"NISQ-NC-2ALL.csv",2011,"0010-11-01","0011-10-31",2,3572,1230.54093333333,203,708.273696347032,979.258165024631,11.2821845175439,6.99204582191781,2,"0010-11-18","0011-04-06",43,139,0.000559910414333707,0.000559910414333707,"NISQ","NISQ2","N","C"
"NISQ-NC-3ALL.csv",2011,"0010-11-01","0011-10-31",0,3569,1194.72623611111,198,496.688614916286,609.463376823794,11.2391813769415,6.76350715372907,0,"0010-11-18","0011-04-06",52,139,0,0,"NISQ","NISQ3","N","C"
"NISQ-NC-4ALL.csv",2011,"0010-11-01","0011-10-31",0,3570,1304.02166666667,199,1081.20136986301,1637.48846314908,11.7857147950089,7.16025410958904,0,"0010-11-18","0011-04-06",54,139,0,0,"NISQ","NISQ4","N","C"
"NISQ-NC-5ALL.csv",2011,"0010-11-01","0011-10-31",1037,3569,NA,NA,NA,NA,NA,NA,0,NA,NA,NA,NA,0.290557579153825,0,"NISQ","NISQ5","N","C"
"NISQ-NX-1ALL.csv",2011,"0010-11-01","0011-10-31",0,3570,1202.47316666667,195,464.687945205479,709.444829059829,11.3811634790528,6.85963321917808,0,"0010-11-18","0011-04-06",53,139,0,0,"NISQ","NISQ1","N","X"
"NISQ-NX-2ALL.csv",2011,"0010-11-01","0011-10-31",0,3569,1192.01273611111,195,696.825635464231,997.164501424501,11.3269500607165,6.80490053272451,0,"0010-11-18","0011-04-06",47,139,0,0,"NISQ","NISQ2","N","X"
"NISQ-NX-3ALL.csv",2011,"0010-11-01","0011-10-31",0,3569,1245.997875,197,1168.9501674277,1930.75773406655,11.5500135135135,6.90412945205479,0,"0010-11-18","0011-04-06",58,139,0,0,"NISQ","NISQ3","N","X"
"NISQ-NX-4ALL.csv",2011,"0010-11-01","0011-10-31",0,3570,NA,201,1041.8561826484,1434.11066749585,NA,NA,0,"0010-11-18","0011-04-06",49,139,0,0,"NISQ","NISQ4","N","X"
"NISQ-NX-5ALL.csv",2011,"0010-11-01","0011-10-31",0,3570,1302.46408333333,200,829.960326484018,1169.19922083333,11.7236068262411,7.2475051369863,0,"0010-11-19","0011-04-06",45,138,0,0,"NISQ","NISQ5","N","X"
"HIGH-GC-1ALL.csv",2011,"0010-11-01","0011-10-31",0,3099,211.628333333333,43,1298.10583561644,NA,9.92158914728682,1.36159041856925,0,"0010-11-01","0011-08-23",296,295,0,0,"HIGH","HIGH1","G","C"
"HIGH-GC-2ALL.csv",2011,"0010-11-01","0011-10-31",0,3099,243.608833333333,42,1240.87909360731,NA,10.8002103174603,1.63682228310502,0,"0010-11-01","0011-08-22",295,294,0,0,"HIGH","HIGH2","G","C"
"HIGH-GC-3ALL.csv",2011,"0010-11-01","0011-10-31",0,3068,192.600033333333,35,447.868246575342,NA,10.5028580952381,1.42600577625571,0,"0010-11-01","0011-10-06",301,339,0,0,"HIGH","HIGH3","G","C"
"HIGH-GC-4ALL.csv",2011,"0010-11-01","0011-10-31",0,3068,186.983541666667,40,975.067310502283,NA,9.67458854166667,1.43304392694064,0,"0010-11-01","0011-10-06",298,339,0,0,"HIGH","HIGH4","G","C"
"HIGH-GC-5ALL.csv",2011,"0010-11-01","0011-10-31",0,3131,424.418194444444,62,1745.47905783866,NA,11.8454547491039,2.27720290715373,0,"0010-11-01","0011-10-06",276,339,0,0,"HIGH","HIGH5","G","C"
"HIGH-GX-1ALL.csv",2011,"0010-11-01","0011-10-31",2277,3099,NA,NA,NA,NA,NA,NA,2277,"0010-11-01","0010-11-24",NA,NA,0.734753146176186,0.734753146176186,"HIGH","HIGH1","G","X"
"HIGH-GX-2ALL.csv",2011,"0010-11-01","0011-10-31",0,3099,270.302361111111,43,2508.76717351598,NA,11.2861014211886,1.70639331811263,0,"0010-11-01","0011-08-21",294,293,0,0,"HIGH","HIGH2","G","X"
"HIGH-GX-3ALL.csv",2011,"0010-11-01","0011-10-31",0,3068,209.425325,36,1828.7212739726,NA,10.8173701388889,1.44089139269406,0,"0010-11-01","0011-08-27",300,299,0,0,"HIGH","HIGH3","G","X"
"HIGH-GX-4ALL.csv",2011,"0010-11-01","0011-10-31",0,3068,188.294616666667,38,1460.60679680365,NA,9.95512149122807,1.42970410958904,0,"0010-11-01","0011-08-24",297,296,0,0,"HIGH","HIGH4","G","X"
"HIGH-GX-5ALL.csv",2011,"0010-11-01","0011-10-31",2309,3132,NA,NA,NA,NA,NA,NA,2309,NA,NA,NA,NA,0.737228607918263,0.737228607918263,"HIGH","HIGH5","G","X"
"HIGH-NC-1ALL.csv",2011,"0010-11-01","0011-10-31",1498,3132,NA,NA,NA,NA,NA,NA,1498,"0010-11-01","0011-02-10",NA,NA,0.478288633461047,0.478288633461047,"HIGH","HIGH1","N","C"
"HIGH-NC-2ALL.csv",2011,"0010-11-01","0011-10-31",0,3132,226.732758333333,50,296.366552511416,1478.22436666667,9.53465516666667,1.69979257990868,0,"0010-11-01","0011-08-12",285,284,0,0,"HIGH","HIGH2","N","C"
"HIGH-NC-3ALL.csv",2011,"0010-11-01","0011-10-31",0,3132,422.978275,76,949.329525114155,NA,10.5655036184211,2.54449399543379,0,"0010-11-01","0011-07-17",256,258,0,0,"HIGH","HIGH3","N","C"
"HIGH-NC-4ALL.csv",2011,"0010-11-01","0011-10-31",0,3132,347.827966666667,64,306.988949771689,1323.94755208333,10.4348119791667,2.20719445205479,0,"0010-11-01","0011-10-29",266,362,0,0,"HIGH","HIGH4","N","C"
"HIGH-NC-5ALL.csv",2011,"0010-11-01","0011-10-31",0,3132,327.957708333333,60,296.772803652968,909.495625,10.4659618055556,2.10713847031963,0,"0010-11-01","0011-08-02",275,274,0,0,"HIGH","HIGH5","N","C"
"HIGH-NX-1ALL.csv",2011,"0010-11-01","0011-10-31",0,3133,459.614761363636,79,477.676647986716,1740.50787782892,10.8886908508159,2.76664708592777,0,"0010-11-01","0011-07-10",244,251,0,0,"HIGH","HIGH1","N","X"
"HIGH-NX-2ALL.csv",2011,"0010-11-01","0011-10-31",0,3132,247.61035,51,471.283289954338,2240.63483660131,9.85510490196078,1.77475853881279,0,"0010-11-01","0011-08-10",283,282,0,0,"HIGH","HIGH2","N","X"
"HIGH-NX-3ALL.csv",2011,"0010-11-01","0011-10-31",0,3132,466.710375,72,1608.73956621005,NA,11.4820885416667,2.57251363013699,0,"0010-11-01","0011-07-17",258,258,0,0,"HIGH","HIGH3","N","X"
"HIGH-NX-4ALL.csv",2011,"0010-11-01","0011-10-31",0,3132,402.122675,64,697.029283105023,3330.33651041667,11.283166796875,2.29251159817352,0,"0010-11-01","0011-07-27",258,268,0,0,"HIGH","HIGH4","N","X"
"HIGH-NX-5ALL.csv",2011,"0010-11-01","0011-10-31",0,3132,340.790275,55,440.379767123288,2527.94689393939,11.1961868181818,1.99506828767123,0,"0010-11-01","0011-08-06",279,278,0,0,"HIGH","HIGH5","N","X"
"PARA-GC-1ALL.csv",2011,"0010-11-01","0011-10-31",0,3131,292.898138888889,58,187.181143074581,825.372509578544,10.0499679118774,1.89791458143075,0,"0010-11-01","0011-08-02",269,274,0,0,"PARA","PARA1","G","C"
"PARA-GC-2ALL.csv",2011,"0010-11-01","0011-10-31",0,3067,148.929347222222,32,202.026161339422,1314.99861111111,9.65404210069445,1.21269385083714,0,"0010-11-01","0011-08-28",301,300,0,0,"PARA","PARA2","G","C"
"PARA-GC-3ALL.csv",2011,"0010-11-01","0011-10-31",0,3131,219.793597222222,52,319.228726788432,1520.33691239316,9.2267999465812,1.6178303805175,0,"0010-11-01","0011-10-06",283,339,0,0,"PARA","PARA3","G","C"
"PARA-GC-4ALL.csv",2011,"0010-11-01","0011-10-31",0,3184,339.438016666667,64,420.975945205479,2007.91385416667,10.3037190104167,2.19855406392694,0,"0010-11-01","0011-07-31",273,272,0,0,"PARA","PARA4","G","C"
"PARA-GC-5ALL.csv",2011,"0010-11-01","0011-10-31",0,3120,318.33695,55,507.133267123288,2864.65418181818,10.7879445454545,2.02378337899543,0,"0010-11-01","0011-08-07",278,279,0,0,"PARA","PARA5","G","C"
"PARA-GX-1ALL.csv",2011,"0010-11-01","0011-10-31",0,3131,335.337125,60,762.908870624049,NA,10.5889520833333,2.05786657534247,0,"0010-11-01","0011-08-03",276,275,0,0,"PARA","PARA1","G","X"
"PARA-GX-2ALL.csv",2011,"0010-11-01","0011-10-31",0,3099,224.508097222222,41,1178.24543302892,NA,10.4758072493225,1.47243218417047,0,"0010-11-01","0011-08-22",295,294,0,0,"PARA","PARA2","G","X"
"PARA-GX-3ALL.csv",2011,"0010-11-01","0011-10-31",0,3131,203.103611111111,46,486.367197108067,2833.50821256039,9.41529589371981,1.50945651445967,0,"0010-11-01","0011-10-06",287,339,0,0,"PARA","PARA3","G","X"
"PARA-GX-4ALL.csv",2011,"0010-11-01","0011-10-31",0,3131,316.454527777778,58,769.721827245053,NA,10.4561125478927,2.01313167427702,0,"0010-11-01","0011-08-06",279,278,0,0,"PARA","PARA4","G","X"
"PARA-GX-5ALL.csv",2011,"0010-11-01","0011-10-31",0,3107,313.363291666667,50,539.660451293759,3119.97536111111,11.2672658333333,1.94322278538813,0,"0010-11-01","0011-08-13",286,285,0,0,"PARA","PARA5","G","X"
"PARA-NC-1ALL.csv",2011,"0010-11-01","0011-10-31",0,3131,330.592680555556,56,139.794560882801,687.29154265873,10.9034407242063,1.99349939878234,0,"0010-11-01","0011-08-04",276,276,0,0,"PARA","PARA1","N","C"
"PARA-NC-2ALL.csv",2011,"0010-11-01","0011-10-31",0,3067,265.706027777778,43,272.43446194825,1655.17438630491,11.1792099483204,1.63041229071537,0,"0010-11-01","0011-08-19",292,291,0,0,"PARA","PARA2","N","C"
"PARA-NC-3ALL.csv",2011,"0010-11-01","0011-10-31",0,3183,378.029013888889,69,151.064667427702,527.015740740741,10.4786813607085,2.3503446499239,0,"0010-11-01","0011-07-18",251,259,0,0,"PARA","PARA3","N","C"
"PARA-NC-4ALL.csv",2011,"0010-11-01","0011-10-31",0,3184,367.389641666667,62,241.927152968037,1197.74913978495,10.9256393817204,2.20937833333333,0,"0010-11-01","0011-07-29",270,270,0,0,"PARA","PARA4","N","C"
"PARA-NC-5ALL.csv",2011,"0010-11-01","0011-10-31",0,3184,395.868658333333,60,591.852684931507,3044.07283333333,11.5978109722222,2.21796675799087,0,"0010-11-01","0011-07-29",258,270,0,0,"PARA","PARA5","N","C"
"PARA-NX-1ALL.csv",2011,"0010-11-01","0011-10-31",0,3183,394.920916666667,61,314.450089041096,1642.55532786885,11.4741133879781,2.32503200913242,0,"0010-11-01","0011-07-30",272,271,0,0,"PARA","PARA1","N","X"
"PARA-NX-2ALL.csv",2011,"0010-11-01","0011-10-31",0,3102,308.33503030303,45,592.0892890747,NA,11.8518895622896,1.86233065982724,0,"0010-11-01","0011-08-14",279,286,0,0,"PARA","PARA2","N","X"
"PARA-NX-3ALL.csv",2011,"0010-11-01","0011-10-31",0,3183,352.853319444444,63,271.959167427702,1130.95434303351,10.600846340388,2.12803181126332,0,"0010-11-01","0011-07-28",267,269,0,0,"PARA","PARA3","N","X"
"PARA-NX-4ALL.csv",2011,"0010-11-01","0011-10-31",0,3184,384.069333333333,63,264.428894977169,1266.16714285714,11.0963386243386,2.30262223744292,0,"0010-11-01","0011-07-28",264,269,0,0,"PARA","PARA4","N","X"
"PARA-NX-5ALL.csv",2011,"0010-11-01","0011-10-31",0,3184,NA,70,74.4866255707763,144.532583333333,NA,9.58635719178082,0,"0010-11-01","0011-07-31",267,272,0,0,"PARA","PARA5","N","X"
"AE10-GC-1ALL.csv",2011,"0010-11-01","0011-10-31",0,3115,300.870055555556,60,232.999576103501,1124.01275462963,10.0145009259259,1.96994339421613,0,"0010-11-01","0011-08-11",282,283,0,0,"AE10","AE101","G","C"
"AE10-GC-2ALL.csv",2011,"0010-11-01","0011-10-31",0,3175,422.420111111111,76,373.495659056317,1594.32425073099,10.5581593567251,2.55197283866058,0,"0010-11-01","0011-07-26",268,267,0,0,"AE10","AE102","G","C"
"AE10-GC-3ALL.csv",2011,"0010-11-01","0011-10-31",0,3176,439.136591666667,76,1045.56541780822,NA,10.7781130482456,2.62142915525114,0,"0010-11-01","0011-07-26",264,267,0,0,"AE10","AE103","G","C"
"AE10-GC-4ALL.csv",2011,"0010-11-01","0011-10-31",0,3175,468.977722222222,78,982.91505175038,NA,11.0125349002849,2.71057768645358,0,"0010-11-01","0011-07-21",260,262,0,0,"AE10","AE104","G","C"
"AE10-GC-5ALL.csv",2011,"0010-11-01","0011-10-31",0,3177,456.811891666667,79,957.60545516812,NA,10.7824290084388,2.98645836861768,0,"0010-11-01","0011-07-23",261,264,0,0,"AE10","AE105","G","C"
"AE10-GX-1ALL.csv",2011,"0010-11-01","0011-10-31",0,3115,381.095138888889,63,1153.68834703196,NA,11.0491291887125,2.33358407914764,0,"0010-11-01","0011-08-08",281,280,0,0,"AE10","AE101","G","X"
"AE10-GX-2ALL.csv",2011,"0010-11-01","0011-10-31",0,3943,474.621416666667,80,1402.30397031963,NA,10.9327677083333,2.76632842465753,0,"0010-11-01","0011-07-23",262,264,0,0,"AE10","AE102","G","X"
"AE10-GX-3ALL.csv",2011,"0010-11-01","0011-10-31",0,3176,436.164475,74,926.879931506849,NA,10.894114527027,2.57341365296804,0,"0010-11-01","0011-07-28",266,269,0,0,"AE10","AE103","G","X"
"AE10-GX-4ALL.csv",2011,"0010-11-01","0011-10-31",0,3175,527.521027777778,78,1023.40612328767,NA,11.7630900997151,2.86735128614916,0,"0010-11-01","0011-07-23",261,264,0,0,"AE10","AE104","G","X"
"AE10-GX-5ALL.csv",2011,"0010-11-01","0011-10-31",0,3175,458.889944444444,79,1277.11336605784,NA,10.8087334739803,2.84813418569254,0,"0010-11-02","0011-07-23",259,263,0,0,"AE10","AE105","G","X"
"AE10-NC-1ALL.csv",2011,"0010-11-01","0011-10-31",0,2822,404.409166666667,67,221.813630136986,978.080223880597,11.0359577114428,2.3760100456621,0,"0010-11-01","0011-08-01",271,273,0,0,"AE10","AE101","N","C"
"AE10-NC-2ALL.csv",2011,"0010-11-01","0011-10-31",0,3176,521.953833333333,84,733.377502283105,2904.51817460317,11.268171184739,2.86192084474886,0,"0010-11-01","0011-07-19",256,260,0,0,"AE10","AE102","N","C"
"AE10-NC-3ALL.csv",2011,"0010-11-01","0011-10-31",0,3175,457.490416666667,80,391.088263318113,1638.52003472222,10.7837758438819,2.6991403652968,0,"0010-11-01","0011-07-22",259,263,0,0,"AE10","AE103","N","C"
"AE10-NC-4ALL.csv",2011,"0010-11-01","0011-10-31",0,3175,513.013319444444,74,1503.6034543379,NA,11.9326124249249,2.75296692541857,0,"0010-11-01","0011-07-23",265,264,0,0,"AE10","AE104","N","C"
"AE10-NC-5ALL.csv",2011,"0010-11-01","0011-10-31",0,3175,559.096388888889,88,1094.58527473364,NA,11.4195217113665,3.08610782343988,0,"0010-11-01","0011-07-16",253,257,0,0,"AE10","AE105","N","C"
"AE10-NX-1ALL.csv",2011,"0010-11-01","0011-10-31",0,3115,386.162763888889,66,266.549468797565,1250.87605218855,10.8509509680135,2.24689750380518,0,"0010-11-01","0011-08-02",272,274,0,0,"AE10","AE101","N","X"
"AE10-NX-2ALL.csv",2011,"0010-11-01","0011-10-31",0,3176,526.592033333333,87,580.292769406393,2208.85873563218,11.1052285852713,2.9410250456621,0,"0010-11-01","0011-07-14",251,255,0,0,"AE10","AE102","N","X"
"AE10-NX-3ALL.csv",2011,"0010-11-01","0011-10-31",0,3175,460.534305555556,77,481.332696347032,2083.55487012987,11.0497605994152,2.68405115677321,0,"0010-11-01","0011-07-23",260,264,0,0,"AE10","AE103","N","X"
"AE10-NX-4ALL.csv",2011,"0010-11-01","0011-10-31",0,3175,490.056055556028,74,701.819751902588,3134.60352852853,11.6223791291355,2.70522550212861,0,"0010-11-01","0011-07-26",267,267,0,0,"AE10","AE104","N","X"
"AE10-NX-5ALL.csv",2011,"0010-11-01","0011-10-31",0,3162,518.679494047619,91,330.495141878669,1106.68500130822,10.7426277116402,3.05941711024136,0,"0010-11-01","0011-07-09",245,250,0,0,"AE10","AE105","N","X"
"AM16-GC-1ALL.csv",2011,"0010-11-01","0011-10-31",0,3239,542.769055555555,104,508.626669710807,1683.97809561966,10.2189332264957,3.16020312024353,0,"0010-11-01","0011-07-05",241,246,0,0,"AM16","AM161","G","C"
"AM16-GC-2ALL.csv",2011,"0010-11-01","0011-10-31",0,3240,592.935525,105,533.750134703196,1712.93999206349,10.647005,3.30163294520548,0,"0010-11-01","0011-07-05",239,246,0,0,"AM16","AM162","G","C"
"AM16-GC-3ALL.csv",2011,"0010-11-01","0011-10-31",0,3240,588.049533333333,108,497.07154109589,1579.48661265432,10.5458281446541,3.40962840182648,0,"0010-11-01","0011-07-03",237,244,0,0,"AM16","AM163","G","C"
"AM16-GC-4ALL.csv",2011,"0010-11-01","0011-10-31",0,3240,618.463308333333,117,422.126529680365,1238.80947293447,10.4056638888889,3.59112641552511,0,"0010-11-01","0011-06-25",228,236,0,0,"AM16","AM164","G","C"
"AM16-GC-5ALL.csv",2011,"0010-11-01","0011-10-31",0,3239,532.322863888889,100,468.394296803653,1558.20818333333,10.3232286388889,3.06979871385084,0,"0010-11-01","0011-07-09",246,250,0,0,"AM16","AM165","G","C"
"AM16-GX-1ALL.csv",2011,"0010-11-01","0011-10-31",0,3240,540.731125,106,621.890705479452,1976.84649371069,10.1977692307692,3.21721940639269,0,"0010-11-01","0011-07-05",240,246,0,0,"AM16","AM161","G","X"
"AM16-GX-2ALL.csv",2011,"0010-11-01","0011-10-31",0,3240,637.854533333333,105,1983.66540410959,NA,11.0748050793651,3.4425449543379,0,"0010-11-01","0011-07-03",241,244,0,0,"AM16","AM162","G","X"
"AM16-GX-3ALL.csv",2011,"0010-11-01","0011-10-31",0,3240,659.187925,108,894.13346347032,2860.15649691358,11.1035918981481,3.59183244292237,0,"0010-11-01","0011-07-02",239,243,0,0,"AM16","AM163","G","X"
"AM16-GX-4ALL.csv",2011,"0010-11-01","0011-10-31",0,3240,644.335025,119,836.164173515982,2409.4793977591,10.5406273706897,3.70633853881279,0,"0010-11-01","0011-06-21",225,232,0,0,"AM16","AM164","G","X"
"AM16-GX-5ALL.csv",2011,"0010-11-01","0011-10-31",0,3239,547.721669444445,98,714.372697108067,2493.23257936508,10.5889966269841,3.09802740487062,0,"0010-11-01","0011-07-11",248,252,0,0,"AM16","AM165","G","X"
"AM16-NC-1ALL.csv",2011,"0010-11-01","0011-10-31",0,3240,582.816025,114,346.079794520548,1042.16089181287,10.1961375,3.55412187214612,0,"0010-11-01","0011-06-27",230,238,0,0,"AM16","AM161","N","C"
"AM16-NC-2ALL.csv",2011,"0010-11-01","0011-10-31",0,3240,643.167083333333,116,328.43649543379,985.889655172414,10.5913213768116,3.67565799086758,0,"0010-11-01","0011-06-22",227,233,0,0,"AM16","AM162","N","C"
"AM16-NC-3ALL.csv",2011,"0010-11-01","0011-10-31",0,3240,683.23965,111,1606.92160045662,NA,11.1553121621622,3.704409543379,0,"0010-11-01","0011-06-28",233,239,0,0,"AM16","AM163","N","C"
"AM16-NC-4ALL.csv",2011,"0010-11-01","0011-10-31",0,3240,683.23965,111,1606.92160045662,NA,11.1553121621622,3.704409543379,0,"0010-11-01","0011-06-28",233,239,0,0,"AM16","AM164","N","C"
"AM16-NC-5ALL.csv",2011,"0010-11-01","0011-10-31",0,3239,649.408275,121,921.567944444444,2707.22021120294,10.4909101694915,3.73775714611872,0,"0010-11-08","0011-06-19",220,223,0,0,"AM16","AM165","N","C"
"AM16-NX-1ALL.csv",2011,"0010-11-01","0011-10-31",0,3239,602.815427777778,115,467.747318112633,1380.82261111111,10.2862976120858,3.58957137747336,0,"0010-11-01","0011-06-25",231,236,0,0,"AM16","AM161","N","X"
"AM16-NX-2ALL.csv",2011,"0010-11-01","0011-10-31",0,3240,672.551425,123,455.95852739726,1204.81663279133,10.5504890495868,3.88939808219178,0,"0010-11-08","0011-06-09",211,213,0,0,"AM16","AM162","N","X"
"AM16-NX-3ALL.csv",2011,"0010-11-01","0011-10-31",0,3240,673.712433333333,112,296.237849315069,829.797641369048,11.0152895833333,3.66475586757991,0,"0010-11-01","0011-06-25",230,236,0,0,"AM16","AM163","N","X"
"AM16-NX-4ALL.csv",2011,"0010-11-01","0011-10-31",0,3240,661.263825,119,511.995111872146,1472.2481372549,10.678267887931,3.76655591324201,0,"0010-11-01","0011-06-21",225,232,0,0,"AM16","AM164","N","X"
"AM16-NX-5ALL.csv",2011,"0010-11-01","0011-10-31",0,3240,661.263825,119,511.995111872146,1472.2481372549,10.678267887931,3.76655591324201,0,"0010-11-01","0011-06-21",225,232,0,0,"AM16","AM165","N","X"
"AV06-GC-1ALL.csv",2011,"0010-11-01","0011-10-31",0,3323,780.265594444444,134,608.847490106545,1542.73840588723,10.9762158484065,4.2733698934551,0,"0010-11-08","0011-06-13",215,217,0,0,"AV06","AV061","G","C"
"AV06-GC-2ALL.csv",2011,"0010-11-01","0011-10-31",0,3323,743.107669444444,136,290.677622526636,734.407038398693,10.6376003418803,4.19383288432268,0,"0010-11-08","0011-06-10",211,214,0,0,"AV06","AV062","G","C"
"AV06-GC-3ALL.csv",2011,"0010-11-01","0011-10-31",0,3323,714.320833333333,131,452.1055456621,1159.99350508906,10.6001921296296,4.06953276255708,0,"0010-11-09","0011-06-16",217,219,0,0,"AV06","AV063","G","C"
"AV06-GC-4ALL.csv",2011,"0010-11-01","0011-10-31",0,3323,756.571591666667,129,517.026211567732,1381.40190999139,11.0310390456989,4.12454979452055,0,"0010-11-01","0011-06-19",221,230,0,0,"AV06","AV064","G","C"
"AV06-GC-5ALL.csv",2011,"0010-11-01","0011-10-31",0,2920,786.42025,132,553.333835616438,1467.43551136364,11.1701607142857,4.21529554794521,0,"0010-11-01","0011-06-17",219,228,0,0,"AV06","AV065","G","C"
"AV06-GX-1ALL.csv",2011,"0010-11-01","0011-10-31",0,3323,809.403577777778,136,791.037184931507,1991.85800857843,11.1460554059829,4.32637292998478,0,"0010-11-08","0011-06-10",212,214,0,0,"AV06","AV061","G","X"
"AV06-GX-2ALL.csv",2011,"0010-11-01","0011-10-31",0,3323,793.201341666667,136,1104.79717808219,2832.97441176471,10.9793747455471,4.33827696347032,0,"0010-11-08","0011-06-11",213,215,0,0,"AV06","AV062","G","X"
"AV06-GX-3ALL.csv",2011,"0010-11-01","0011-10-31",2,3325,764.124594444444,132,822.270971841705,1996.97001683502,10.945625743657,4.17296361491629,2,"0010-11-01","0011-06-16",218,227,0.000601503759398496,0.000601503759398496,"AV06","AV063","G","X"
"AV06-GX-4ALL.csv",2011,"0010-11-01","0011-10-31",0,3323,845.682430555556,128,2150.51031278539,NA,11.8149425248419,4.26378645357686,0,"0010-11-01","0011-06-22",225,233,0,0,"AV06","AV064","G","X"
"AV06-GX-5ALL.csv",2011,"0010-11-01","0011-10-31",0,3322,882.049763888889,137,1633.45634322679,NA,11.6584285411366,4.55596430745814,0,"0010-11-09","0011-06-09",208,212,0,0,"AV06","AV065","G","X"
"AV06-NC-1ALL.csv",2011,"0010-11-01","0011-10-31",0,3323,767.582777777778,136,181.363082191781,454.467647058824,10.8647560292851,4.2658148021309,0,"0010-11-08","0011-06-11",210,215,0,0,"AV06","AV061","N","C"
"AV06-NC-2ALL.csv",2011,"0010-11-01","0011-10-31",0,3323,737.725911111111,132,275.219286910198,719.115484006734,10.7749397707231,4.0631048934551,0,"0010-11-08","0011-06-15",216,219,0,0,"AV06","AV062","N","C"
"AV06-NC-3ALL.csv",2011,"0010-11-01","0011-10-31",0,3323,772.097663888889,130,853.998270928463,2346.13110683761,11.1378057571685,4.1854148325723,0,"0010-11-08","0011-06-19",220,223,0,0,"AV06","AV063","N","C"
"AV06-NC-4ALL.csv",2011,"0010-11-01","0011-10-31",0,3323,773.700652777778,131,351.616000761035,911.470059372349,11.0995872222222,4.230125304414,0,"0010-11-08","0011-06-12",213,216,0,0,"AV06","AV064","N","C"
"AV06-NC-5ALL.csv",2011,"0010-11-01","0011-10-31",0,3323,773.700652777778,131,351.616000761035,911.470059372349,11.0995872222222,4.230125304414,0,"0010-11-08","0011-06-12",213,216,0,0,"AV06","AV065","N","C"
"AV06-NX-1ALL.csv",2011,"0010-11-01","0011-10-31",0,3323,789.754927777778,139,213.136742770167,504.258473221423,10.8850202861953,4.40037194824962,0,"0010-11-08","0011-06-04",204,208,0,0,"AV06","AV061","N","X"
"AV06-NX-2ALL.csv",2011,"0010-11-01","0011-10-31",0,3323,759.025925,134,328.439689497717,800.398874378109,10.8446771484375,4.2190898630137,0,"0010-11-08","0011-06-07",208,211,0,0,"AV06","AV062","N","X"
"AV06-NX-3ALL.csv",2011,"0010-11-01","0011-10-31",0,3323,779.283519444444,132,552.840779299848,1451.30556397306,11.0957432098765,4.24501614916286,0,"0010-11-08","0011-06-14",213,218,0,0,"AV06","AV063","N","X"
"AV06-NX-4ALL.csv",2011,"0010-11-01","0011-10-31",0,3323,801.046822222222,139,404.594194824962,998.64629696243,10.9810687289562,4.43815499238965,0,"0010-11-08","0011-06-08",207,212,0,0,"AV06","AV064","N","X"
"AV06-NX-5ALL.csv",2011,"0010-11-01","0011-10-31",0,3322,774.151041666667,129,454.975825722983,1252.62323428079,11.2033682249322,4.1721602739726,0,"0010-11-08","0011-06-18",217,222,0,0,"AV06","AV065","N","X"
"TO04-GC-1ALL.csv",2011,"0010-11-01","0011-10-31",0,3495,1067.52626388889,191,430.415277777778,693.825399941827,10.7528218999386,6.41138154490107,0,"0010-11-18","0011-04-07",82,140,0,0,"TO04","TO041","G","C"
"TO04-GC-2ALL.csv",2011,"0010-11-01","0011-10-31",0,3495,1275.48806388889,194,1835.67913394216,3036.42163087056,11.8196410595021,6.73739743531202,0,"0010-11-18","0011-03-25",60,127,0,0,"TO04","TO042","G","C"
"TO04-GC-3ALL.csv",2011,"0010-11-01","0011-10-31",0,3496,1163.65829671717,187,1387.00730697385,2400.55951628585,11.4274268176111,6.39600560744431,0,"0010-11-18","0011-04-14",95,147,0,0,"TO04","TO043","G","C"
"TO04-GC-4ALL.csv",2011,"0010-11-01","0011-10-31",0,3495,1072.44718611111,186,810.369411719939,1187.98816009558,10.9514676767677,6.14406968797565,0,"0010-11-18","0011-04-14",94,147,0,0,"TO04","TO044","G","C"
"TO04-GC-5ALL.csv",2011,"0010-11-01","0011-10-31",0,3495,1174.91995075758,187,916.467286218348,1501.24329930319,11.496441105975,6.51833582399336,0,"0010-11-18","0011-03-25",78,127,0,0,"TO04","TO045","G","C"
"TO04-GX-1ALL.csv",2011,"0010-11-01","0011-10-31",0,3495,1248.98494722222,188,2466.85709665145,NA,11.8791914169788,6.70575191019787,0,"0010-11-18","0011-03-28",87,130,0,0,"TO04","TO041","G","X"
"TO04-GX-2ALL.csv",2011,"0010-11-01","0011-10-31",0,3495,1186.22691666667,191,1765.89229604262,2903.3143353694,11.4092094843462,6.46787168949772,0,"0010-11-18","0011-04-14",76,147,0,0,"TO04","TO042","G","X"
"TO04-GX-3ALL.csv",2011,"0010-11-01","0011-10-31",0,3495,1124.65246388889,187,788.842600456621,1187.89023618538,11.2102674513497,6.28182421613394,0,"0010-11-18","0011-04-08",90,141,0,0,"TO04","TO043","G","X"
"TO04-GX-4ALL.csv",2011,"0010-11-01","0011-10-31",0,3495,1137.61543888889,187,1073.94212024353,1644.89478015449,11.2826281858129,6.31932928462709,0,"0010-11-18","0011-04-14",98,147,0,0,"TO04","TO044","G","X"
"TO04-GX-5ALL.csv",2011,"0010-11-01","0011-10-31",0,3495,1297.74612878788,192,3246.34744707347,NA,11.9931181526807,6.86860411996679,0,"0010-11-18","0011-04-07",77,140,0,0,"TO04","TO045","G","X"
"TO04-NC-1ALL.csv",2011,"0010-11-01","0011-10-31",0,3495,1109.93478055556,189,535.106114916286,759.793621399177,11.0579722377405,6.41814837138508,0,"0010-11-19","0011-03-16",62,117,0,0,"TO04","TO041","N","C"
"TO04-NC-2ALL.csv",2011,"0010-11-01","0011-10-31",0,3495,1099.197,187,490.784599695586,782.637721330957,11.0610670903955,6.36182191780822,0,"0010-11-18","0011-04-14",70,147,0,0,"TO04","TO042","N","C"
"TO04-NC-3ALL.csv",2011,"0010-11-01","0011-10-31",0,3495,1079.933475,185,486.807369863014,667.022918918919,11.0296291428571,6.14924136986301,0,"0010-11-18","0011-04-07",89,140,0,0,"TO04","TO043","N","C"
"TO04-NC-4ALL.csv",2011,"0010-11-01","0011-10-31",0,3495,1101.27204166667,185,350.86902739726,575.740243243243,11.1435752380952,6.17714406392694,0,"0010-11-18","0011-04-07",78,140,0,0,"TO04","TO044","N","C"
"TO04-NC-5ALL.csv",2011,"0010-11-01","0011-10-31",0,3496,1179.34451767677,189,784.420470458005,1176.74621278927,11.4644368970605,6.57237950048429,0,"0010-11-19","0011-04-07",78,139,0,0,"TO04","TO045","N","C"
"TO04-NX-1ALL.csv",2011,"0010-11-01","0011-10-31",0,3495,1133.72229166667,188,912.931290715373,1447.15137559102,11.1919841713222,6.38215422374429,0,"0010-11-18","0011-04-06",63,139,0,0,"TO04","TO041","N","X"
"TO04-NX-2ALL.csv",2011,"0010-11-01","0011-10-31",0,3495,1135.84298333333,186,706.437546423135,1144.06303912784,11.3049104166667,6.37790771689498,0,"0010-11-18","0011-04-06",57,139,0,0,"TO04","TO042","N","X"
"TO04-NX-3ALL.csv",2011,"0010-11-01","0011-10-31",0,3495,1093.87249166667,185,587.55602435312,911.027493993994,11.1062128095238,6.16688388127854,0,"0010-11-18","0011-04-08",87,141,0,0,"TO04","TO043","N","X"
"TO04-NX-4ALL.csv",2011,"0010-11-01","0011-10-31",0,3495,1132.21316666667,187,663.59254414003,1043.63979203803,11.2801124526515,6.34099634703196,0,"0010-11-18","0011-04-07",86,140,0,0,"TO04","TO044","N","X"
"TO04-NX-5ALL.csv",2011,"0010-11-01","0011-10-31",0,3496,1228.23272727273,190,1061.09406427287,1559.34918926103,11.7102261300152,6.63682185554172,0,"0010-11-18","0011-03-21",55,123,0,0,"TO04","TO045","N","X"
"NISQ-GC-1ALL.csv",2012,"0011-11-01","0012-09-15",0,2950,1077.56657777778,158,385.975532118056,590.690476441632,11.896283511396,6.72678240451389,0,"0011-11-18","0012-04-06",59,140,0,0,"NISQ","NISQ1","G","C"
"NISQ-GC-2ALL.csv",2012,"0011-11-01","0012-09-15",0,2951,1045.07556035354,159,393.253454150884,719.659126802617,11.6466284098951,6.61816099589646,0,"0011-11-18","0012-03-24",47,127,0,0,"NISQ","NISQ2","G","C"
"NISQ-GC-3ALL.csv",2012,"0011-11-01","0012-09-15",0,2951,1093.13082676768,158,1419.01767526831,2592.19748050121,11.9968008126133,6.74655896385732,0,"0011-11-18","0012-04-06",60,140,0,0,"NISQ","NISQ3","G","C"
"NISQ-GC-4ALL.csv",2012,"0011-11-01","0012-08-28",0,2814,944.538826767677,140,1399.19853008562,2700.28215656566,11.8326733823745,6.35863201468326,0,"0011-11-18","0012-04-06",60,140,0,0,"NISQ","NISQ4","G","C"
"NISQ-GC-5ALL.csv",2012,"0011-11-01","0012-09-15",0,2951,1568.68254621212,166,NA,NA,14.5547499769032,8.26334636837121,0,"0011-11-18","0012-03-22",42,125,0,0,"NISQ","NISQ5","G","C"
"NISQ-GX-1ALL.csv",2012,"0011-11-01","0012-09-15",0,2950,1102.59884444444,161,1032.32259722222,1657.74167874396,12.0110230537863,6.78610276909722,0,"0011-11-18","0012-04-06",47,140,0,0,"NISQ","NISQ1","G","X"
"NISQ-GX-2ALL.csv",2012,"0011-11-01","0012-09-15",0,2951,1105.79349368687,159,1306.38349234533,2060.08907788578,12.0327905648845,6.7889157354798,0,"0011-11-18","0012-04-06",50,140,0,0,"NISQ","NISQ2","G","X"
"NISQ-GX-3ALL.csv",2012,"0011-11-01","0012-09-15",0,2951,1164.59681742424,159,1288.33363999369,2463.02739914872,12.4077005886894,6.98539213778409,0,"0011-11-18","0012-03-24",52,127,0,0,"NISQ","NISQ3","G","X"
"NISQ-GX-4ALL.csv",2012,"0011-11-01","0012-09-15",0,2951,1186.82800075758,159,2114.13733672664,3498.02440934502,12.5485084443158,6.90172083570076,0,"0011-11-18","0012-04-06",49,140,0,0,"NISQ","NISQ4","G","X"
"NISQ-GX-5ALL.csv",2012,"0011-11-01","0012-09-15",0,2951,1341.01435429293,164,2712.14341216856,NA,13.3177511136207,7.52896152383207,0,"0011-11-18","0012-03-23",50,126,0,0,"NISQ","NISQ5","G","X"
"NISQ-NC-1ALL.csv",2012,"0011-11-01","0012-09-15",1,2951,1104.72213156566,160,507.069025647096,808.565264835859,12.0228059335392,6.85074978377525,0,"0011-11-18","0012-03-23",51,126,0.000338868180277872,0,"NISQ","NISQ1","N","C"
"NISQ-NC-2ALL.csv",2012,"0011-11-01","0012-09-15",0,2951,1152.69524267677,161,687.307737452652,1094.17102060983,12.2821789093466,7.04903409169823,0,"0011-11-18","0012-03-22",40,125,0,0,"NISQ","NISQ2","N","C"
"NISQ-NC-3ALL.csv",2012,"0011-11-01","0012-09-15",0,2951,1125.84215959596,157,523.042226957071,832.551115453902,12.2523949006191,6.83693969144571,0,"0011-11-18","0012-03-23",47,126,0,0,"NISQ","NISQ3","N","C"
"NISQ-NC-4ALL.csv",2012,"0011-11-01","0012-09-15",0,2951,1208.81849343434,162,904.521131549874,1463.96434935778,12.588040681977,7.17590870344066,0,"0011-11-18","0012-03-23",46,126,0,0,"NISQ","NISQ4","N","C"
"NISQ-NC-5ALL.csv",2012,"0011-11-01","0012-09-15",1647,2951,NA,NA,NA,NA,NA,NA,0,NA,NA,NA,NA,0.558115892917655,0,"NISQ","NISQ5","N","C"
"NISQ-NX-1ALL.csv",2012,"0011-11-01","0012-09-15",0,2951,1127.04498737374,158,573.385151751894,916.337279919448,12.2588595959596,6.90813563762626,0,"0011-11-18","0012-03-23",43,126,0,0,"NISQ","NISQ1","N","X"
"NISQ-NX-2ALL.csv",2012,"0011-11-01","0012-09-15",0,2951,1126.35164419192,158,827.697190340909,1297.81548571155,12.2561591560769,6.86836907039141,0,"0011-11-18","0012-03-22",39,125,0,0,"NISQ","NISQ2","N","X"
"NISQ-NX-3ALL.csv",2012,"0011-11-01","0012-09-15",0,2951,1185.2482239899,158,1225.70426215278,2216.19597398031,12.5852725896788,6.9962892416351,0,"0011-11-18","0012-03-23",42,126,0,0,"NISQ","NISQ3","N","X"
"NISQ-NX-4ALL.csv",2012,"0011-11-01","0012-09-15",0,2142,1513.68779166667,169,816.157676373106,1161.88154697866,12.7491803797468,8.09452434895833,0,"0011-11-18","0012-03-22",35,125,0,0,"NISQ","NISQ4","N","X"
"NISQ-NX-5ALL.csv",2012,"0011-11-01","0012-09-15",0,2951,1206.94013459596,164,857.183111111111,1058.82271172087,12.5690657836224,7.23010536852904,0,"0011-11-19","0012-03-22",34,124,0,0,"NISQ","NISQ5","N","X"
"HIGH-GC-1ALL.csv",2012,"0011-11-01","0012-09-15",0,2727,416.729516666667,51,2051.2431171875,NA,13.1711669934641,2.08444575520833,0,"0011-11-03","0012-07-25",262,265,0,0,"HIGH","HIGH1","G","C"
"HIGH-GC-2ALL.csv",2012,"0011-11-01","0012-09-15",0,2726,393.572968181818,48,947.808657433712,NA,13.1994368371212,2.12466240056818,0,"0011-11-03","0012-07-27",267,267,0,0,"HIGH","HIGH2","G","C"
"HIGH-GC-3ALL.csv",2012,"0011-11-01","0012-09-15",0,2719,352.625825,47,489.814653645833,3246.90695035461,12.5026771276596,2.019746328125,0,"0011-11-03","0012-07-29",270,269,0,0,"HIGH","HIGH3","G","C"
"HIGH-GC-4ALL.csv",2012,"0011-11-01","0012-09-15",0,2726,381.683968181818,48,2326.18242376894,NA,12.9517493371212,2.13238622869318,0,"0011-11-03","0012-09-12",269,314,0,0,"HIGH","HIGH4","G","C"
"HIGH-GC-5ALL.csv",2012,"0011-11-01","0012-09-15",0,2725,429.227853535354,59,285.551291035354,1471.70905024825,12.275048365006,2.34214706833965,0,"0011-11-07","0012-07-15",249,251,0,0,"HIGH","HIGH5","G","C"
"HIGH-GX-1ALL.csv",2012,"0011-11-01","0012-09-15",0,2726,378.844899242424,47,2920.17442992424,NA,13.0605297711154,1.90253679450758,0,"0011-11-07","0012-09-12",265,310,0,0,"HIGH","HIGH1","G","X"
"HIGH-GX-2ALL.csv",2012,"0011-11-01","0012-09-15",0,2726,474.67314469697,49,NA,NA,14.687207034632,2.34089498342803,0,"0011-11-03","0012-07-27",263,267,0,0,"HIGH","HIGH2","G","X"
"HIGH-GX-3ALL.csv",2012,"0011-11-01","0012-09-15",0,2718,414.178348484848,46,NA,NA,14.003877140975,2.11860851089015,0,"0011-11-03","0012-07-30",270,270,0,0,"HIGH","HIGH3","G","X"
"HIGH-GX-4ALL.csv",2012,"0011-11-01","0012-09-15",0,2726,416.821559090909,49,NA,NA,13.5065624304267,2.24759588778409,0,"0011-11-03","0012-09-12",269,314,0,0,"HIGH","HIGH4","G","X"
"HIGH-GX-5ALL.csv",2012,"0011-11-01","0012-09-15",0,2725,807.438183080808,69,NA,NA,16.702002653345,3.79960604087753,0,"0011-11-03","0012-07-08",246,248,0,0,"HIGH","HIGH5","G","X"
"HIGH-NC-1ALL.csv",2012,"0011-11-01","0012-09-15",4,2731,566.698941666667,76,533.56215625,2087.38972587719,12.4565650219298,3.12376752604167,4,"0011-11-03","0012-06-20",227,230,0.00146466495789088,0.00146466495789088,"HIGH","HIGH1","N","C"
"HIGH-NC-2ALL.csv",2012,"0011-11-01","0012-09-15",4,2731,352.764716666667,57,987.746341145833,NA,11.1888546783626,2.17621708333333,4,"0011-11-03","0012-07-18",257,258,0.00146466495789088,0.00146466495789088,"HIGH","HIGH2","N","C"
"HIGH-NC-3ALL.csv",2012,"0011-11-01","0012-09-15",0,2727,440.003233333333,60,800.688104166667,NA,12.3333872222222,2.46430984375,0,"0011-11-03","0012-07-14",253,254,0,0,"HIGH","HIGH3","N","C"
"HIGH-NC-4ALL.csv",2012,"0011-11-01","0012-09-15",0,2726,451.293375757576,66,699.023830018939,3281.23334251607,11.8377784205693,2.55746172111742,0,"0011-11-03","0012-07-08",249,248,0,0,"HIGH","HIGH4","N","C"
"HIGH-NC-5ALL.csv",2012,"0011-11-01","0012-09-15",0,2726,558.354058333333,67,1914.22825544508,NA,13.3336426616915,2.99502830729167,0,"0011-11-03","0012-07-09",250,249,0,0,"HIGH","HIGH5","N","C"
"HIGH-NX-1ALL.csv",2012,"0011-11-01","0012-09-15",2,2728,581.411027272727,77,471.825271306818,1866.82872491145,12.5507925619835,3.20232117897727,2,"0011-11-03","0012-06-26",233,236,0.000733137829912023,0.000733137829912023,"HIGH","HIGH1","N","X"
"HIGH-NX-2ALL.csv",2012,"0011-11-01","0012-09-15",0,2727,345.5049,59,581.141276041667,3060.16179378531,10.8560152542373,2.18605671875,0,"0011-11-03","0012-07-16",255,256,0,0,"HIGH","HIGH2","N","X"
"HIGH-NX-3ALL.csv",2012,"0011-11-01","0012-09-15",0,2726,506.970287121212,66,1004.43758096591,NA,12.681367986685,2.71020141808712,0,"0011-11-03","0012-07-09",250,249,0,0,"HIGH","HIGH3","N","X"
"HIGH-NX-4ALL.csv",2012,"0011-11-01","0012-09-15",10,2737,443.967283333333,62,569.832825520833,2764.1684811828,12.1607626344086,2.465788515625,10,"0011-11-03","0012-07-12",245,252,0.00365363536719035,0.00365363536719035,"HIGH","HIGH4","N","X"
"HIGH-NX-5ALL.csv",2012,"0011-11-01","0012-09-15",0,2725,436.12014520202,53,902.162001262626,NA,13.2286819849438,2.29023730271465,0,"0011-11-03","0012-07-21",259,261,0,0,"HIGH","HIGH5","N","X"
"PARA-GC-1ALL.csv",2012,"0011-11-01","0012-09-15",0,2749,392.970286616162,61,244.566437815657,1198.15426395099,11.4421358461666,2.27821001025884,0,"0011-11-09","0012-07-13",246,247,0,0,"PARA","PARA1","G","C"
"PARA-GC-2ALL.csv",2012,"0011-11-01","0012-09-15",0,2717,286.989258333333,44,396.966083333333,2795.55289772727,11.5224831439394,1.69788041666667,0,"0011-11-03","0012-07-31",270,271,0,0,"PARA","PARA2","G","C"
"PARA-GC-3ALL.csv",2012,"0011-11-01","0012-09-15",0,2749,334.034690656566,58,511.603328598485,2745.45047675026,10.7592188044235,2.0960495541351,0,"0011-11-03","0012-07-17",258,257,0,0,"PARA","PARA3","G","C"
"PARA-GC-4ALL.csv",2012,"0011-11-01","0012-09-15",0,2749,478.279544191919,65,751.862274700126,NA,12.3581468337218,2.70664141414141,0,"0011-11-03","0012-07-10",248,250,0,0,"PARA","PARA4","G","C"
"PARA-GC-5ALL.csv",2012,"0011-11-01","0012-09-15",0,2749,415.499357323232,58,345.20720407197,1807.79276384535,12.1637820228144,2.3906972103851,0,"0011-11-03","0012-07-17",256,257,0,0,"PARA","PARA5","G","C"
"PARA-GX-1ALL.csv",2012,"0011-11-01","0012-09-15",0,2750,466.256888888889,63,1669.16666666667,NA,12.4009029982363,2.54788793402778,0,"0011-11-03","0012-07-12",253,252,0,0,"PARA","PARA1","G","X"
"PARA-GX-2ALL.csv",2012,"0011-11-01","0012-09-15",0,2717,353.4743,50,1554.98694791667,NA,12.069486,1.969010703125,0,"0011-11-03","0012-07-26",266,266,0,0,"PARA","PARA2","G","X"
"PARA-GX-3ALL.csv",2012,"0011-11-01","0012-09-15",0,2749,304.341008838384,58,603.542082149621,3261.66888714734,10.2472587730756,1.95703466303662,0,"0011-11-03","0012-07-18",259,258,0,0,"PARA","PARA3","G","X"
"PARA-GX-4ALL.csv",2012,"0011-11-01","0012-09-15",0,2749,465.485491161616,63,1117.09206439394,NA,12.3886585898669,2.57125973800505,0,"0011-11-03","0012-07-13",254,253,0,0,"PARA","PARA4","G","X"
"PARA-GX-5ALL.csv",2012,"0011-11-01","0012-09-15",0,2748,433.347797222222,56,590.554811631944,3214.16387896825,12.7383535218254,2.41455171006944,0,"0011-11-03","0012-07-19",257,259,0,0,"PARA","PARA5","G","X"
"PARA-NC-1ALL.csv",2012,"0011-11-01","0012-09-15",0,2750,417.247402777778,58,173.977868923611,921.469348659004,12.1939207375479,2.30755047743056,0,"0011-11-03","0012-07-16",255,256,0,0,"PARA","PARA1","N","C"
"PARA-NC-2ALL.csv",2012,"0011-11-01","0012-09-15",0,2718,355.275312878788,49,321.624150094697,1971.96647340754,12.250516589363,1.97026933712121,0,"0011-11-03","0012-07-26",263,266,0,0,"PARA","PARA2","N","C"
"PARA-NC-3ALL.csv",2012,"0011-11-01","0012-09-15",0,2749,472.622824494949,70,153.965683791035,605.916221139971,11.7517546356421,2.68011273279672,0,"0011-11-03","0012-07-02",237,242,0,0,"PARA","PARA3","N","C"
"PARA-NC-4ALL.csv",2012,"0011-11-01","0012-09-15",0,2749,447.170277777778,58,555.288602430556,2985.25198754789,12.7098323754789,2.41091323784722,0,"0011-11-07","0012-07-16",250,252,0,0,"PARA","PARA4","N","C"
"PARA-NC-5ALL.csv",2012,"0011-11-01","0012-09-15",0,2749,482.955446969697,63,477.711989030934,2357.11301306718,12.6659594757095,2.5761974905303,0,"0011-11-03","0012-07-11",246,251,0,0,"PARA","PARA5","N","C"
"PARA-NX-1ALL.csv",2012,"0011-11-01","0012-09-15",0,2750,484.531847222222,63,420.861119791667,2074.87447089947,12.69098170194,2.68474053819444,0,"0011-11-03","0012-07-11",249,251,0,0,"PARA","PARA1","N","X"
"PARA-NX-2ALL.csv",2012,"0011-11-01","0012-09-15",0,2718,391.307029545455,51,886.603560606061,NA,12.6726868538324,2.20321936316288,0,"0011-11-07","0012-07-24",258,260,0,0,"PARA","PARA2","N","X"
"PARA-NX-3ALL.csv",2012,"0011-11-01","0012-09-15",0,2749,438.857141414141,65,308.074818102904,1445.42025835276,11.7516483294483,2.48714627525253,0,"0011-11-03","0012-07-09",250,249,0,0,"PARA","PARA3","N","X"
"PARA-NX-4ALL.csv",2012,"0011-11-01","0012-09-15",0,2749,437.298647727273,57,231.94050228851,1232.75398945596,12.6719061004785,2.42916126893939,0,"0011-11-07","0012-07-17",250,253,0,0,"PARA","PARA4","N","X"
"PARA-NX-5ALL.csv",2012,"0011-11-01","0012-09-15",0,2749,486.160127525253,62,420.566113478535,2060.08706419029,12.8412923794396,2.64950365372475,0,"0011-11-03","0012-07-12",248,252,0,0,"PARA","PARA5","N","X"
"AE10-GC-1ALL.csv",2012,"0011-11-01","0012-09-15",0,2764,423.758633333333,61,498.8171796875,2555.53725409836,11.9468628415301,2.39769416666667,0,"0011-11-03","0012-07-15",254,255,0,0,"AE10","AE101","G","C"
"AE10-GC-2ALL.csv",2012,"0011-11-01","0012-09-15",0,2815,561.225069444444,70,552.373746527778,2502.22498412698,13.0175009920635,3.01394787326389,0,"0011-11-03","0012-07-07",248,247,0,0,"AE10","AE102","G","C"
"AE10-GC-3ALL.csv",2012,"0011-11-01","0012-09-15",0,2815,556.338908333333,71,1251.23485763889,NA,12.8357592723005,3.01939658854167,0,"0011-11-03","0012-07-06",243,246,0,0,"AE10","AE103","G","C"
"AE10-GC-4ALL.csv",2012,"0011-11-01","0012-09-15",0,2816,586.321891666667,72,923.934442708333,NA,13.1433596064815,3.08612934895833,0,"0011-11-03","0012-07-04",241,244,0,0,"AE10","AE104","G","C"
"AE10-GC-5ALL.csv",2012,"0011-11-01","0012-09-15",0,2815,603.066869444444,73,782.109417534722,3369.07587138508,13.2611899923896,3.21102459201389,0,"0011-11-03","0012-07-03",239,243,0,0,"AE10","AE105","G","C"
"AE10-GX-1ALL.csv",2012,"0011-11-01","0012-09-15",0,2764,527.029925,63,1824.38749739583,NA,13.3655543650794,2.884284140625,0,"0011-11-03","0012-07-14",255,254,0,0,"AE10","AE101","G","X"
"AE10-GX-2ALL.csv",2012,"0011-11-01","0012-09-15",0,2815,641.106625,72,1534.04634027778,NA,13.9042586805556,3.3142328125,0,"0011-11-03","0012-07-05",245,245,0,0,"AE10","AE102","G","X"
"AE10-GX-3ALL.csv",2012,"0011-11-01","0012-09-15",0,2815,551.808588888889,69,1187.98643489583,NA,12.9972259259259,2.98799324652778,0,"0011-11-03","0012-07-07",246,247,0,0,"AE10","AE103","G","X"
"AE10-GX-4ALL.csv",2012,"0011-11-01","0012-09-15",0,2815,681.428911111111,71,1542.63359895833,NA,14.5975902973396,3.40912862847222,0,"0011-11-03","0012-07-06",245,246,0,0,"AE10","AE104","G","X"
"AE10-GX-5ALL.csv",2012,"0011-11-01","0012-09-15",0,2815,626.592155555556,73,1695.09662413194,NA,13.5834541856925,3.39042431423611,0,"0011-11-03","0012-07-04",244,244,0,0,"AE10","AE105","G","X"
"AE10-NC-1ALL.csv",2012,"0011-11-01","0012-09-15",0,2764,531.740741666667,68,493.849421875,2294.73275735294,12.8197167892157,2.87899645833333,0,"0011-11-03","0012-07-08",246,248,0,0,"AE10","AE101","N","C"
"AE10-NC-2ALL.csv",2012,"0011-11-01","0012-09-15",0,2815,672.455761111111,76,805.192411458333,3288.38038377193,13.848102119883,3.47509886284722,0,"0011-11-03","0012-06-28",234,238,0,0,"AE10","AE102","N","C"
"AE10-NC-3ALL.csv",2012,"0011-11-01","0012-09-15",0,2815,575.343930555556,72,770.038395833333,3376.21613425926,12.9908879243827,3.11987361111111,0,"0011-11-03","0012-07-03",240,243,0,0,"AE10","AE103","N","C"
"AE10-NC-4ALL.csv",2012,"0011-11-01","0012-09-15",0,2816,674.258866666667,71,2989.65278645833,NA,14.4966037558685,3.31252848958333,0,"0011-11-03","0012-07-06",246,246,0,0,"AE10","AE104","N","C"
"AE10-NC-5ALL.csv",2012,"0011-11-01","0012-09-15",0,2815,678.484344444444,77,1140.024984375,NA,13.811484992785,3.56401552951389,0,"0011-11-03","0012-06-28",236,238,0,0,"AE10","AE105","N","C"
"AE10-NX-1ALL.csv",2012,"0011-11-01","0012-09-15",0,2764,507.4286,66,387.697598958333,1854.22244949495,12.6883121212121,2.707407734375,0,"0011-11-03","0012-07-10",249,250,0,0,"AE10","AE101","N","X"
"AE10-NX-2ALL.csv",2012,"0011-11-01","0012-09-15",0,2815,663.039869444444,79,1005.95451649306,NA,13.3929097398031,3.44283201388889,0,"0011-11-03","0012-06-26",233,236,0,0,"AE10","AE102","N","X"
"AE10-NX-3ALL.csv",2012,"0011-11-01","0012-09-15",0,2815,585.783913888889,71,554.209912326389,2460.60911189358,13.2504776604069,3.10626613715278,0,"0011-11-03","0012-07-06",244,246,0,0,"AE10","AE103","N","X"
"AE10-NX-4ALL.csv",2012,"0011-11-01","0012-09-15",0,2816,608.152,70,466.657817708333,2095.25395238095,13.6878857142857,3.17648203125,0,"0011-11-03","0012-07-06",247,246,0,0,"AE10","AE104","N","X"
"AE10-NX-5ALL.csv",2012,"0011-11-01","0012-09-15",0,2815,638.354583333333,83,400.259934895833,1427.55547188755,12.6910190763052,3.54086861979167,0,"0011-11-03","0012-06-16",221,226,0,0,"AE10","AE105","N","X"
"AM16-GC-1ALL.csv",2012,"0011-11-01","0012-09-15",0,2815,631.609788888889,89,750.235329861111,2665.90905118602,12.0967392009988,3.47430324652778,0,"0011-11-01","0012-06-16",227,228,0,0,"AM16","AM161","G","C"
"AM16-GC-2ALL.csv",2012,"0011-11-01","0012-09-15",0,2815,673.210352777778,83,1090.74489149306,NA,13.1109681057564,3.58636946180556,0,"0011-11-03","0012-06-21",230,231,0,0,"AM16","AM162","G","C"
"AM16-GC-3ALL.csv",2012,"0011-11-01","0012-09-15",0,2816,684.177316666667,91,680.837674479167,2372.72987179487,12.5184320512821,3.71132950520833,0,"0011-11-03","0012-06-15",221,225,0,0,"AM16","AM163","G","C"
"AM16-GC-4ALL.csv",2012,"0011-11-01","0012-09-15",0,2815,693.139755555556,98,453.944821180556,1388.17964569161,12.0728546485261,3.89604064236111,0,"0011-11-03","0012-06-02",208,212,0,0,"AM16","AM164","G","C"
"AM16-GC-5ALL.csv",2012,"0011-11-01","0012-09-15",0,2816,633.539383333333,84,892.42009375,3357.95303571429,12.542135515873,3.41164143229167,0,"0011-11-03","0012-06-22",233,232,0,0,"AM16","AM165","G","C"
"AM16-GX-1ALL.csv",2012,"0011-11-01","0012-09-15",0,2432,622.680875,90,645.423478422619,2257.85292328042,11.9186763888889,3.4864859375,0,"0011-11-01","0012-06-16",227,228,0,0,"AM16","AM161","G","X"
"AM16-GX-2ALL.csv",2012,"0011-11-01","0012-09-15",0,2815,692.608544444444,90,975.948594618056,3422.55819753086,12.6956504938272,3.69337279513889,0,"0011-11-03","0012-06-16",227,226,0,0,"AM16","AM162","G","X"
"AM16-GX-3ALL.csv",2012,"0011-11-01","0012-09-15",0,2816,767.667425,91,1071.8873828125,NA,13.4359057692308,3.98337046875,0,"0011-11-03","0012-06-15",226,225,0,0,"AM16","AM163","G","X"
"AM16-GX-4ALL.csv",2012,"0011-11-01","0012-09-15",0,2815,730.9907,100,842.7067421875,2542.6562,12.309907,4.067496328125,0,"0011-11-01","0012-05-31",209,212,0,0,"AM16","AM164","G","X"
"AM16-GX-5ALL.csv",2012,"0011-11-01","0012-09-15",0,2815,660.496536111111,83,1185.52616579861,NA,12.9577895917001,3.47936144097222,0,"0011-11-01","0012-06-23",235,235,0,0,"AM16","AM165","G","X"
"AM16-NC-1ALL.csv",2012,"0011-11-01","0012-09-15",0,2815,657.591430555556,97,556.032715277778,1617.05805555556,11.7792930985109,3.80919197048611,0,"0011-11-03","0012-06-01",206,211,0,0,"AM16","AM161","N","C"
"AM16-NC-2ALL.csv",2012,"0011-11-01","0012-09-15",0,2816,714.169125,101,434.230583333333,1254.61917491749,12.0709814356436,4.041148828125,0,"0011-11-03","0012-05-29",204,208,0,0,"AM16","AM162","N","C"
"AM16-NC-3ALL.csv",2012,"0011-11-01","0012-09-15",0,2816,760.181541666667,96,1906.41503385417,NA,12.9185577256944,4.01484778645833,0,"0011-11-03","0012-06-10",215,220,0,0,"AM16","AM163","N","C"
"AM16-NC-4ALL.csv",2012,"0011-11-01","0012-08-28",0,2669,634.904002380952,78,1954.21311888994,NA,13.1397949023199,3.54130381583097,0,"0011-11-03","0012-06-10",215,220,0,0,"AM16","AM164","N","C"
"AM16-NC-5ALL.csv",2012,"0011-11-01","0012-09-15",0,2815,710.8419,102,1158.88428993056,NA,11.9690382352941,4.023255546875,0,"0011-11-03","0012-05-25",198,204,0,0,"AM16","AM165","N","C"
"AM16-NX-1ALL.csv",2012,"0011-11-01","0012-09-15",0,2815,682.592575,97,596.530388888889,1796.71120561283,12.0370368556701,3.89449984375,0,"0011-11-03","0012-06-02",209,212,0,0,"AM16","AM161","N","X"
"AM16-NX-2ALL.csv",2012,"0011-11-01","0012-09-15",0,2816,717.104116666667,103,549.295697916667,1445.37971682848,11.9621758899676,4.17323747395833,0,"0011-11-01","0012-05-14",188,195,0,0,"AM16","AM162","N","X"
"AM16-NX-3ALL.csv",2012,"0011-11-01","0012-09-15",0,2815,733.685055555556,97,726.210797743056,2279.7843327606,12.5637634593356,3.93975564236111,0,"0011-11-03","0012-06-05",210,215,0,0,"AM16","AM163","N","X"
"AM16-NX-4ALL.csv",2012,"0011-11-01","0012-09-15",0,2815,726.919758333333,105,637.505356770833,1789.94834920635,11.9230453174603,4.16023322916667,0,"0011-11-03","0012-05-24",197,203,0,0,"AM16","AM164","N","X"
"AM16-NX-5ALL.csv",2012,"0011-11-01","0012-08-28",0,2667,606.497391666667,87,587.627604856512,1855.24596743295,11.9712343869732,3.71143134657837,0,"0011-11-03","0012-05-24",197,203,0,0,"AM16","AM165","N","X"
"AV06-GC-1ALL.csv",2012,"0011-11-01","0012-09-15",0,2925,812.733585606061,116,902.289446732955,2272.84057144723,12.0063240138454,4.62955026751894,0,"0011-11-03","0012-05-14",189,193,0,0,"AV06","AV061","G","C"
"AV06-GC-2ALL.csv",2012,"0011-11-01","0012-09-15",0,2925,768.40834469697,115,469.310471117424,1148.00884716733,11.6818116930171,4.49992855113636,0,"0011-11-03","0012-05-13",187,192,0,0,"AV06","AV062","G","C"
"AV06-GC-3ALL.csv",2012,"0011-11-01","0012-09-15",0,2925,821.753608333333,112,1029.72927651515,2681.74216653139,12.3370857886905,4.59081140625,0,"0011-11-03","0012-05-20",197,199,0,0,"AV06","AV063","G","C"
"AV06-GC-4ALL.csv",2012,"0011-11-01","0012-09-15",0,2926,820.656133333333,108,1291.56092708333,NA,12.5986679012346,4.54591486979167,0,"0011-11-03","0012-05-22",198,201,0,0,"AV06","AV064","G","C"
"AV06-GC-5ALL.csv",2012,"0011-11-01","0012-09-15",0,2925,856.663483333333,114,1210.34271306818,3236.29701621478,12.5145919590643,4.73325268229167,0,"0011-11-03","0012-05-15",188,194,0,0,"AV06","AV065","G","C"
"AV06-GX-1ALL.csv",2012,"0011-11-01","0012-09-15",0,2925,863.635373484849,117,1482.46178267045,NA,12.3814989186739,4.72256275568182,0,"0011-11-03","0012-05-14",189,193,0,0,"AV06","AV061","G","X"
"AV06-GX-2ALL.csv",2012,"0011-11-01","0012-09-15",0,2925,849.797426515152,116,855.827709043561,2101.91135253396,12.3258398837513,4.72718818181818,0,"0011-11-03","0012-05-14",189,193,0,0,"AV06","AV062","G","X"
"AV06-GX-3ALL.csv",2012,"0011-11-01","0012-09-15",0,2925,820.01834469697,112,885.04916500947,2356.58437026515,12.3215923633658,4.58863323863636,0,"0011-11-03","0012-05-19",194,198,0,0,"AV06","AV063","G","X"
"AV06-GX-4ALL.csv",2012,"0011-11-01","0012-09-15",0,2820,926.805765151515,106,2840.80571851326,NA,13.7434506146369,4.72781957859848,0,"0011-11-03","0012-05-29",206,208,0,0,"AV06","AV064","G","X"
"AV06-GX-5ALL.csv",2012,"0011-11-01","0012-09-15",0,2925,987.687718939394,119,2860.96407102273,NA,13.29989679781,5.13580641335227,0,"0011-11-07","0012-05-13",185,188,0,0,"AV06","AV065","G","X"
"AV06-NC-1ALL.csv",2012,"0011-11-01","0012-09-15",0,2925,796.26105530303,117,275.279144886364,698.060695415695,11.805650045325,4.58443207386364,0,"0011-11-03","0012-05-12",186,191,0,0,"AV06","AV061","N","C"
"AV06-NC-2ALL.csv",2012,"0011-11-01","0012-09-15",0,2925,774.55298030303,109,352.012216619318,946.577914234084,12.1059906449819,4.37743782907197,0,"0011-11-03","0012-05-17",192,196,0,0,"AV06","AV062","N","C"
"AV06-NC-3ALL.csv",2012,"0011-11-01","0012-09-15",0,2925,819.299420454545,112,1390.98588920455,NA,12.3151733969156,4.59993660037879,0,"0011-11-03","0012-05-15",188,194,0,0,"AV06","AV063","N","C"
"AV06-NC-4ALL.csv",2012,"0011-11-01","0012-09-15",0,2925,810.245384090909,116,532.291334043561,1337.0526384535,11.9848740007837,4.55329833570076,0,"0011-11-03","0012-05-11",183,190,0,0,"AV06","AV064","N","C"
"AV06-NC-5ALL.csv",2012,"0011-11-01","0012-08-28",0,2779,671.836961111111,98,502.003072111847,1391.52864229025,11.8554791950113,4.06836769683591,0,"0011-11-03","0012-05-11",183,190,0,0,"AV06","AV065","N","C"
"AV06-NX-1ALL.csv",2012,"0011-11-01","0012-09-15",0,2925,821.966434848485,120,366.337845880682,821.518387626263,11.849720290404,4.71472128077651,0,"0011-11-03","0012-05-05",171,184,0,0,"AV06","AV061","N","X"
"AV06-NX-2ALL.csv",2012,"0011-11-01","0012-09-15",0,2925,792.669847727273,115,367.557547348485,905.36382740448,11.892781284585,4.52493780539773,0,"0011-11-03","0012-05-10",182,189,0,0,"AV06","AV062","N","X"
"AV06-NX-3ALL.csv",2012,"0011-11-01","0012-09-15",0,2924,815.148212121212,113,842.829333175505,2222.90497005453,12.2137009922231,4.58884415246212,0,"0011-11-07","0012-05-15",187,190,0,0,"AV06","AV063","N","X"
"AV06-NX-4ALL.csv",2012,"0011-11-01","0012-09-15",0,2925,835.648695454545,118,598.075230113636,1444.54056047766,12.081768605547,4.74852769412879,0,"0011-11-03","0012-05-05",165,184,0,0,"AV06","AV064","N","X"
"AV06-NX-5ALL.csv",2012,"0011-11-01","0012-09-15",0,2925,800.361896212121,110,599.904237452652,1601.49304683196,12.276017238292,4.51104394649621,0,"0011-11-07","0012-05-16",185,191,0,0,"AV06","AV065","N","X"
"TO04-GC-1ALL.csv",2012,"0011-11-01","0012-09-15",0,2923,1034.30445833333,152,543.183953993056,908.728965643275,11.8897472222222,6.27017604166667,0,"0011-11-18","0012-04-05",69,139,0,0,"TO04","TO041","G","C"
"TO04-GC-2ALL.csv",2012,"0011-11-01","0012-09-15",0,2923,1229.790625,156,1821.43319444444,3341.65495014245,12.9786209415584,6.8843171875,0,"0011-11-18","0012-04-05",54,139,0,0,"TO04","TO042","G","C"
"TO04-GC-3ALL.csv",2012,"0011-11-01","0012-09-15",0,2924,1117.10326666667,152,957.106393229167,1726.63492324561,12.4425251111111,6.45486294270833,0,"0011-11-18","0012-04-06",75,140,0,0,"TO04","TO043","G","C"
"TO04-GC-4ALL.csv",2012,"0011-11-01","0012-09-15",0,2923,1038.05827777778,151,784.762699652778,1282.03982707873,11.9635052199851,6.21884266493056,0,"0011-11-18","0012-04-05",73,139,0,0,"TO04","TO044","G","C"
"TO04-GC-5ALL.csv",2012,"0011-11-01","0012-09-15",0,2924,1108.9049,152,1024.21404947917,1765.45317982456,12.3415837748344,6.5577465625,0,"0011-11-18","0012-03-24",65,127,0,0,"TO04","TO045","G","C"
"TO04-GX-1ALL.csv",2012,"0011-11-01","0012-09-15",0,2923,1202.73509722222,154,2668.34952690972,NA,12.9088476790936,6.73157686631944,0,"0011-11-18","0012-04-05",53,139,0,0,"TO04","TO041","G","X"
"TO04-GX-2ALL.csv",2012,"0011-11-01","0012-09-15",0,2923,1139.62513888889,153,1952.46035590278,NA,12.5443444628403,6.52808988715278,0,"0011-11-18","0012-04-05",63,139,0,0,"TO04","TO042","G","X"
"TO04-GX-3ALL.csv",2012,"0011-11-01","0012-09-15",0,2924,1110.32265833333,152,863.777338541667,1523.81553179825,12.3986918888889,6.43635908854167,0,"0011-11-18","0012-04-05",74,139,0,0,"TO04","TO043","G","X"
"TO04-GX-4ALL.csv",2012,"0011-11-01","0012-09-15",0,2923,1098.57022222222,152,1024.94223958333,1717.9998629386,12.3192989814815,6.39718780381944,0,"0011-11-18","0012-04-07",78,141,0,0,"TO04","TO044","G","X"
"TO04-GX-5ALL.csv",2012,"0011-11-01","0012-09-15",0,2924,1214.23256666667,153,1923.52210416667,3483.92286492375,12.9863228070175,6.87707598958333,0,"0011-11-18","0012-03-25",65,128,0,0,"TO04","TO045","G","X"
"TO04-NC-1ALL.csv",2012,"0011-11-01","0012-09-15",0,3060,1061.73266468254,152,550.929587673611,875.99699378655,12.0748977645503,6.44588293650794,0,"0011-11-18","0012-03-22",50,125,0,0,"TO04","TO041","N","C"
"TO04-NC-2ALL.csv",2012,"0011-11-01","0012-09-15",0,2923,1054.18568055556,149,396.583828125,693.089513422819,12.16550718065,6.44001853298611,0,"0011-11-18","0012-04-05",54,139,0,0,"TO04","TO042","N","C"
"TO04-NC-3ALL.csv",2012,"0011-11-01","0012-09-15",0,2924,1045.91033333333,148,582.779651041667,1016.19164414414,12.113772675737,6.22038385416667,0,"0011-11-18","0012-04-06",81,140,0,0,"TO04","TO043","N","C"
"TO04-NC-4ALL.csv",2012,"0011-11-01","0012-09-15",0,3060,1054.01411309524,150,378.302044270833,606.385361111111,12.1152566763192,6.28469879092262,0,"0011-11-18","0012-04-06",68,140,0,0,"TO04","TO044","N","C"
"TO04-NC-5ALL.csv",2012,"0011-11-01","0012-09-15",0,3061,1119.40813928571,153,691.485098958333,1038.68100762527,12.4076308893094,6.59604887276786,0,"0011-11-18","0012-04-05",64,139,0,0,"TO04","TO045","N","C"
"TO04-NX-1ALL.csv",2012,"0011-11-01","0012-09-15",0,2923,1105.96344444444,151,1175.30204861111,2166.22760301692,12.4174299962714,6.55735373263889,0,"0011-11-18","0012-04-05",58,139,0,0,"TO04","TO041","N","X"
"TO04-NX-2ALL.csv",2012,"0011-11-01","0012-09-15",0,2923,1082.22225,151,647.048532986111,1139.30442420898,12.2599840604027,6.4788828125,0,"0011-11-18","0012-04-05",56,139,0,0,"TO04","TO042","N","X"
"TO04-NX-3ALL.csv",2012,"0011-11-01","0012-09-15",0,1878,939.362125,112,562.401425438596,823.091815476191,13.5352784090909,8.30718289473684,0,"0011-11-18","0012-01-19",20,62,0,0,"TO04","TO043","N","X"
"TO04-NX-4ALL.csv",2012,"0011-11-01","0012-09-15",0,2923,1094.53293055556,151,571.006571180556,971.482385945548,12.3388543997017,6.42308767361111,0,"0011-11-18","0012-04-06",63,140,0,0,"TO04","TO044","N","X"
"TO04-NX-5ALL.csv",2012,"0011-11-01","0012-09-15",0,2924,1151.09249166667,154,990.110677083333,1566.43363095238,12.5660237938596,6.64088513020833,0,"0011-11-18","0012-03-23",56,126,0,0,"TO04","TO045","N","X"
